x,linear,quadratic,cubic,trig_simple,trig_med,trig_complex
0,1,11.5,-9.5,1,1,1
0.01,1.005,11.45005,-9.4251499,1.0299955002025,1.03999533353666,1.07997466947317
0.02,1.01,11.4002,-9.3505992,1.05996400647944,1.07996267317278,1.15979742312627
0.03,1.015,11.35045,-9.2763473,1.08987854919801,1.11987404940051,1.23931668167161
0.04,1.02,11.3008,-9.2023936,1.11971220728892,1.15970154147555,1.31838153808398
0.05,1.025,11.25125,-9.1287375,1.1494381324736,1.19941730174428,1.39684209172812
0.06,1.03,11.2018,-9.0553784,1.17902957342582,1.23899357990527,1.47454978008716
0.07,1.035,11.15245,-8.9823157,1.2084598998461,1.27840274718363,1.55135770730155
0.08,1.04,11.1032,-8.9095488,1.23770262642713,1.31761732039631,1.62712096873579
0.09,1.045,11.05405,-8.8370771,1.26673143668883,1.35660998588684,1.70169697080006
0.1,1.05,11.005,-8.7649,1.29552020666134,1.39535362330817,1.77494574526554
0.11,1.055,10.95605,-8.6930169,1.32404302839487,1.43382132923204,1.84673025732553
0.12,1.06,10.9072,-8.6214272,1.35227423327509,1.47198644056401,1.91691670667013
0.13,1.065,10.85845,-8.5501303,1.38018841512316,1.50982255774286,1.9853748208592
0.14,1.07,10.8098,-8.4791256,1.40776045305957,1.54730356770381,2.05197814029726
0.15,1.075,10.76125,-8.4084125,1.43496553411123,1.58440366658483,2.11660429413456
0.16,1.08,10.7128,-8.3379904,1.46177917554148,1.62109738215573,2.17913526644101
0.17,1.085,10.66445,-8.2678587,1.48817724688291,1.6573595959499,2.2394576520232
0.18,1.09,10.6162,-8.1980168,1.51413599165311,1.69316556507894,2.2974629012806
0.19,1.095,10.56805,-8.1284641,1.53963204873397,1.72849094371047,2.35304755352334
0.2,1.1,10.52,-8.0592,1.56464247339504,1.7633118041901,2.40611345820293
0.21,1.105,10.47205,-7.9902239,1.58914475794227,1.79760465778837,2.45656798353629
0.22,1.11,10.4242,-7.9215352,1.61311685197343,1.8313464750543,2.50432421203487
0.23,1.115,10.37645,-7.8531333,1.63653718222197,1.86451470575716,2.54930112248249
0.24,1.12,10.3288,-7.7850176,1.65938467197147,1.89708729839861,2.5914237579387
0.25,1.125,10.28125,-7.7171875,1.68163876002333,1.92904271927786,2.63062337937892
0.26,1.13,10.2338,-7.6496424,1.70327941920041,1.96035997109257,2.6668376046176
0.27,1.135,10.18645,-7.5823817,1.72428717437014,1.99101861105897,2.7000105321968
0.28,1.14,10.1392,-7.5154048,1.74464311997086,2.02099876853497,2.73009284995932
0.29,1.145,10.09205,-7.4487111,1.76432893702551,2.05028116213034,2.75704192806309
0.3,1.15,10.045,-7.3823,1.78332690962748,2.07884711628882,2.78082189623154
0.31,1.155,9.99805,-7.3161709,1.80161994088378,2.10667857732722,2.80140370507313
0.32,1.16,9.9512,-7.2503232,1.819191568301,2.13375812891712,2.8187651713425
0.33,1.165,9.90445,-7.1847563,1.83602597860052,2.16006900699539,2.83289100705444
0.34,1.17,9.8578,-7.1194696,1.85210802194936,2.18559511409018,2.84377283240183
0.35,1.175,9.81125,-7.0544625,1.86742322559402,2.21032103304947,2.85140917246795
0.36,1.18,9.7648,-6.9897344,1.88195780688495,2.23423204016004,2.85580543776314
0.37,1.185,9.71845,-6.9252847,1.89569868568005,2.25731411764501,2.85697388865535
0.38,1.19,9.6722,-6.8611128,1.90863349611588,2.27955396552887,2.8549335838033
0.39,1.195,9.62605,-6.7972181,1.92075059773614,2.3009390128593,2.84971031274001
0.4,1.2,9.58,-6.7336,1.93203908596723,2.32145742827588,2.84133651279291
0.41,1.205,9.53405,-6.6702579,1.9424888019317,2.34109812991612,2.82985117056507
0.42,1.21,9.4882,-6.6071912,1.95209034159052,2.35985079465009,2.81529970823939
0.43,1.215,9.44245,-6.5443993,1.96083506420607,2.37770586663528,2.79773385500457
0.44,1.22,9.3968,-6.4818816,1.96871510011827,2.39465456518427,2.77721150393786
0.45,1.225,9.35125,-6.4196375,1.97572335782666,2.41068889193789,2.75379655471458
0.46,1.23,9.3058,-6.3576664,1.98185353037236,2.42580163733788,2.72755874254908
0.47,1.235,9.26045,-6.2959677,1.98710010101385,2.43998638639292,2.6985734538047
0.48,1.24,9.2152,-6.2345408,1.99145834819169,2.45323752373317,2.66692152874284
0.49,1.245,9.17005,-6.1733851,1.99492434977758,2.46555023794874,2.63268905191208
0.5,1.25,9.125,-6.1125,1.99749498660405,2.47692052520826,2.59596713070801
0.51,1.255,9.08005,-6.0518849,1.99916794527148,2.48734519215438,2.55685166266289
0.52,1.26,9.0352,-5.9915392,1.99994172022997,2.4968218580737,2.51544309205143
0.53,1.265,8.99045,-5.9314623,1.99981561513429,2.50534895633914,2.47184615642417
0.54,1.27,8.9458,-5.8716536,1.99878974347052,2.51292573512364,2.42616962370435
0.55,1.275,8.90125,-5.8121125,1.99686502845392,2.51955225738458,2.37852602050625
0.56,1.28,8.8568,-5.7528384,1.99404320219808,2.52522940011896,2.32903135235398
0.57,1.285,8.81245,-5.6938307,1.99032680415616,2.52995885289013,2.2778048164987
0.58,1.29,8.7682,-5.6350888,1.98571917883555,2.53374311562743,2.22496850804954
0.59,1.295,8.72405,-5.5766121,1.98022447278805,2.53658549570083,2.17064712014907
0.6,1.3,8.68,-5.5184,1.9738476308782,2.53849010427323,2.11496763893806
0.61,1.305,8.63605,-5.4604519,1.9665943918333,2.53946185193378,2.05805903406573
0.62,1.31,8.5922,-5.4027672,1.95847128307891,2.53950644361622,2.0000519455122
0.63,1.315,8.54845,-5.3453453,1.94948561486463,2.5386303728069,1.94107836749748
0.64,1.32,8.5048,-5.2881856,1.93964547368532,2.53684091504772,1.88127133025774
0.65,1.325,8.46125,-5.2312875,1.92895971500387,2.53414612073991,1.82076458047376
0.66,1.33,8.4178,-5.1746504,1.91743795528181,2.53055480725524,1.75969226113856
0.67,1.335,8.37445,-5.1182737,1.9050905633252,2.52607655036176,1.6981885916518
0.68,1.34,8.3312,-5.0621568,1.89192865095338,2.52072167497185,1.63638754892655
0.69,1.345,8.28805,-5.0062991,1.87796406299908,2.51450124522105,1.57442255029065
0.7,1.35,8.245,-4.9507,1.86320936664887,2.50742705388657,1.51242613895925
0.71,1.355,8.20205,-4.8953589,1.84767784013357,2.49951161115511,1.45052967284761
0.72,1.36,8.1592,-4.8402752,1.83138346077868,2.49076813275016,1.38886301748383
0.73,1.365,8.11645,-4.7854483,1.8143408924258,2.48121052742949,1.3275542437701
0.74,1.37,8.0738,-4.7308776,1.79656547223609,2.47085338386423,1.26672933132759
0.75,1.375,8.03125,-4.6765625,1.77807319688792,2.45971195691126,1.20651187814558
0.76,1.38,7.9888,-4.6225024,1.75888070818092,2.44780215329147,1.1470228172382
0.77,1.385,7.94645,-4.5686967,1.73900527805947,2.43514051668683,1.0883801409943
0.78,1.39,7.9042,-4.5151448,1.71846479306913,2.42174421226954,1.03069863388515
0.79,1.395,7.86205,-4.4618461,1.69727773825994,2.40763101067755,0.974089614173426
0.8,1.4,7.82,-4.4088,1.67546318055115,2.39281927145067,0.918660685243222
0.81,1.405,7.77805,-4.3560059,1.65304075157226,2.37732792594241,0.864515497146069
0.82,1.41,7.7362,-4.3034632,1.63003062999589,2.36117645972279,0.811753518931482
0.83,1.415,7.69445,-4.2511713,1.60645352337831,2.34438489448828,0.760469822302868
0.84,1.42,7.6528,-4.1991296,1.58233064952408,2.32697376949494,0.710754877110494
0.85,1.425,7.61125,-4.1473375,1.55768371739142,2.30896412253171,0.662694359162834
0.86,1.43,7.5698,-4.0957944,1.53253490755562,2.2903774704509,0.616368970806166
0.87,1.435,7.52845,-4.0444997,1.50690685224805,2.27123578927356,0.571854274689604
0.88,1.44,7.4872,-3.9934528,1.48082261498865,2.25156149388762,0.529220541099132
0.89,1.445,7.44605,-3.9426531,1.45430566983031,2.23137741735713,0.488532609209668
0.9,1.45,7.405,-3.8921,1.42737988023383,2.21070678986131,0.449849762568733
0.91,1.455,7.36405,-3.8417929,1.40006947759242,2.18957321728237,0.413225619089183
0.92,1.46,7.3232,-3.7917312,1.37239903942506,2.16800065946142,0.378708035791591
0.93,1.465,7.28245,-3.7419143,1.34439346725839,2.14601340814217,0.346339028499511
0.94,1.47,7.2418,-3.6923416,1.31607796421705,2.12363606462217,0.316154706652953
0.95,1.475,7.20125,-3.6430125,1.28747801234254,2.10089351713192,0.288185223367166
0.96,1.48,7.1608,-3.5939264,1.25861934966111,2.07781091796211,0.26245474082527
0.97,1.485,7.12045,-3.5450827,1.22952794702126,2.05441366035971,0.238981411054551
0.98,1.49,7.0802,-3.4964808,1.20022998472177,2.03072735521374,0.217777372097438
0.99,1.495,7.04005,-3.4481201,1.17075182895115,2.00677780755167,0.198848759549325
1,1.5,7,-3.4,1.14112000805987,1.98259099286776,0.182195733396729
1.01,1.505,6.96005,-3.3521199,1.11136118868665,1.95819303330467,0.167812520050743
1.02,1.51,6.9202,-3.3044792,1.08150215176027,1.93361017370963,0.155687469432537
1.03,1.515,6.88045,-3.2570773,1.05156976839853,1.90886875758714,0.14580312692983
1.04,1.52,6.8408,-3.2099136,1.0215909757261,1.88399520296943,0.138136320005943
1.05,1.525,6.80125,-3.1629875,0.991592752632851,1.85901597822687,0.132658259206259
1.06,1.53,6.7618,-3.1162984,0.961602095494765,1.83395757783975,0.129334653270864
1.07,1.535,6.72245,-3.0698457,0.931645993878952,1.80884649815363,0.128125838026797
1.08,1.54,6.6832,-3.0236288,0.901751406254891,1.78370921313984,0.128986918698904
1.09,1.545,6.64405,-2.9776471,0.87194523573362,1.75857215018311,0.131867925244725
1.1,1.55,6.605,-2.9319,0.842254305856751,1.73346166591819,0.136713980286359
1.11,1.555,6.56605,-2.8863869,0.812705336457097,1.70840402213714,0.143465479180836
1.12,1.56,6.5272,-2.8411072,0.78332491961262,1.68342536178913,0.152058281740299
1.13,1.565,6.48845,-2.7960603,0.754139495715363,1.65855168509419,0.162423915084353
1.14,1.57,6.4498,-2.7512456,0.725175329676876,1.63380882579276,0.174489787079239
1.15,1.575,6.41125,-2.7066625,0.696458487291571,1.60922242755209,0.188179409792313
1.16,1.58,6.3728,-2.6623104,0.668014811779266,1.58481792055103,0.203412632365509
1.17,1.585,6.33445,-2.6181887,0.639869900528032,1.56062049826417,0.220105882688172
1.18,1.59,6.2962,-2.5742968,0.61204908205827,1.53665509446629,0.238172417228033
1.19,1.595,6.25805,-2.5306341,0.584577393228754,1.51294636047792,0.257522578359013
1.2,1.6,6.22,-2.4872,0.557479556705148,1.48951864267237,0.278064058506222
1.21,1.605,6.18205,-2.4439939,0.530779958711273,1.46639596026466,0.299702170411881
1.22,1.61,6.1442,-2.4010152,0.504502627083155,1.44360198340222,0.322340122811059
1.23,1.615,6.10645,-2.3582633,0.478671209645594,1.42116001157729,0.345879300793077
1.24,1.62,6.0688,-2.3157376,0.453308952930713,1.39909295238025,0.370219550113217
1.25,1.625,6.03125,-2.2734375,0.428438681257656,1.37742330061324,0.395259464710099
1.26,1.63,5.9938,-2.2313624,0.404082776192236,1.35617311778275,0.420896676676585
1.27,1.635,5.95645,-2.1895117,0.380263156405037,1.33536401198973,0.447028147926592
1.28,1.64,5.9192,-2.1478848,0.357001257946091,1.31501711823532,0.473550462796585
1.29,1.645,5.88205,-2.1064811,0.334318014953881,1.29515307915995,0.500360120818838
1.3,1.65,5.845,-2.0653,0.312233840816026,1.27579202623322,0.527353828903841
1.31,1.655,5.80805,-2.0243409,0.290768609798614,1.25695356141135,0.554428792171393
1.32,1.66,5.7712,-1.9836032,0.269941639160701,1.23865673927897,0.581483002674079
1.33,1.665,5.73445,-1.9430863,0.249771671770081,1.22092004969113,0.608415525262881
1.34,1.67,5.6978,-1.9027896,0.230276859235976,1.2037614009313,0.635126779852574
1.35,1.675,5.66125,-1.8627125,0.211474745573804,1.18719810340046,0.661518819354422
1.36,1.68,5.6248,-1.8228544,0.193382251416759,1.17124685385208,0.687495602555369
1.37,1.685,5.58845,-1.7832147,0.176015658788374,1.15592372018699,0.712963261236386
1.38,1.69,5.5522,-1.7437928,0.159390596449805,1.14124412682216,0.737830360838005
1.39,1.695,5.51605,-1.7045881,0.143522025834999,1.12722284064628,0.762008153998024
1.4,1.7,5.48,-1.6656,0.128424227586412,1.11387395757487,0.785410826305202
1.41,1.705,5.44405,-1.6268279,0.114110788703398,1.10121088971725,0.807955733633161
1.42,1.71,5.4082,-1.5882712,0.100594590314822,1.08924635316654,0.829563630440698
1.43,1.715,5.37245,-1.5499293,0.0878877960869197,1.0779923564241,0.85015888844833
1.44,1.72,5.3368,-1.5118016,0.0760018412768121,1.0674601894685,0.869669705125965
1.45,1.725,5.30125,-1.4738875,0.0649474224415509,1.05766041347914,0.888028301453056
1.46,1.73,5.2658,-1.4361864,0.0547344878119367,1.04860285122358,0.905171108440501
1.47,1.735,5.23045,-1.3986977,0.0453722283397836,1.04029657811736,0.921038941932666
1.48,1.74,5.1952,-1.3614208,0.0368690694266836,1.03274991396432,0.93557716523831
1.49,1.745,5.16005,-1.3243551,0.0292326633417117,1.02597041538486,0.948735839170682
1.5,1.75,5.125,-1.2875,0.022469882334903,1.01996486893896,0.960469859109642
1.51,1.755,5.09005,-1.2508549,0.0165868124526892,1.01473928495024,0.970739078732204
1.52,1.76,5.0552,-1.2144192,0.0115887480608694,1.01029889203645,0.979508420092356
1.53,1.765,5.02045,-1.1781923,0.00748018708003684,1.00664813235151,0.986747969766237
1.54,1.77,4.9858,-1.1421736,0.00426482693775465,1.00379065754323,0.992433060814755
1.55,1.775,4.95125,-1.1063625,0.00194556124112055,1.00172932543048,0.996544340352297
1.56,1.78,4.9168,-1.0707584,0.000524477172715976,1.00046619740268,0.999067822547321
1.57,1.785,4.88245,-1.0353607,2.85361228202774e-06,1.00000253654412,0.999994926918201
1.58,1.79,4.8482,-1.0001688,0.000381159985814561,1.00033880648455,0.999322501825587
1.59,1.795,4.81405,-0.965182100000001,0.00165905584311243,1.0014746709774,0.997052833100732
1.6,1.8,4.78,-0.9304,0.00383539116415943,1.00340899420566,0.993193637787541
1.61,1.805,4.74605,-0.895821899999999,0.00690820739406461,1.00613984181546,0.987758043014464
1.62,1.81,4.7122,-0.8614472,0.0108747392056302,1.00966448267615,0.980764550050716
1.63,1.815,4.67845,-0.8272753,0.0157314169879587,1.01397939136559,0.972236983639468
1.64,1.82,4.6448,-0.7933056,0.0214738700588615,1.01908025137804,0.962204426738634
1.65,1.825,4.61125,-0.759537499999999,0.0280969305981792,1.0249619590521,0.95070114083752
1.66,1.83,4.5778,-0.7259704,0.0355946382984695,1.03161862821501,0.937766472054763
1.67,1.835,4.54445,-0.6926037,0.0439602457288819,1.03904359553906,0.923444743259747
1.68,1.84,4.5112,-0.659436800000001,0.0531862244073911,1.04722942660547,0.907785132495671
1.69,1.845,4.47805,-0.6264691,0.0632642715759211,1.05616792267004,0.890841538017905
1.7,1.85,4.445,-0.5937,0.0741853176722676,1.06585012812474,0.872672430295758
1.71,1.855,4.41205,-0.5611289,0.085939534492093,1.07626633864825,0.85334069135958
1.72,1.86,4.3792,-0.528755200000001,0.0985163440336452,1.08740611003835,0.832913441907759
1.73,1.865,4.34645,-0.4965783,0.111904428017245,1.09925826771796,0.811461856619913
1.74,1.87,4.3138,-0.464597599999999,0.126091738070978,1.11181091690653,0.789060968153161
1.75,1.875,4.28125,-0.4328125,0.141065506573408,1.12505145344735,0.7657894603276
1.76,1.88,4.2488,-0.4012224,0.156812258143583,1.1389665752812,0.741729451035345
1.77,1.885,4.21645,-0.3698267,0.173317821767964,1.15354229455601,0.716966265434053
1.78,1.89,4.1842,-0.3386248,0.190567343553381,1.16876395036143,0.691588200011265
1.79,1.895,4.15205,-0.3076161,0.208545300094534,1.18461622207706,0.66568627812969
1.8,1.9,4.12,-0.276800000000001,0.227235512444013,1.20108314332221,0.639353997685769
1.81,1.905,4.08805,-0.2461759,0.246621160672254,1.21814811649457,0.612687071534665
1.82,1.91,4.0562,-0.215743199999999,0.266684799004344,1.2357939278848,0.585783161353696
1.83,1.915,4.02445,-0.1855013,0.287408371520039,1.25400276335334,0.558741605633671
1.84,1.92,3.9928,-0.155449600000001,0.308773228402873,1.27275622455532,0.531663142503119
1.85,1.925,3.96125,-0.1255875,0.330760142723739,1.29203534569904,0.504649628104172
1.86,1.93,3.9298,-0.0959143999999994,0.353349327743817,1.31182061082273,0.477803751250878
1.87,1.935,3.89845,-0.0664297,0.376520454721315,1.33209197157426,0.451228745110848
1.88,1.94,3.8672,-0.0371328000000002,0.400252671205957,1.35282886547755,0.425028096659315
1.89,1.945,3.83605,-0.00802309999999995,0.424524619804783,1.37401023466941,0.399305254661122
1.9,1.95,3.805,0.020900000000001,0.449314457402362,1.39561454508978,0.374163336940553
1.91,1.955,3.77405,0.0496371,0.474599874818121,1.41761980610813,0.349704837701368
1.92,1.96,3.7432,0.0781887999999995,0.500358116883098,1.44000359056842,0.326031335660118
1.93,1.965,3.71245,0.106555699999999,0.526566002918065,1.46274305523437,0.303243203754281
1.94,1.97,3.6818,0.1347384,0.55319994759457,1.48581496161677,0.281439321183627
1.95,1.975,3.65125,0.1627375,0.58023598216014,1.50919569716401,0.260716788537867
1.96,1.98,3.6208,0.190553599999999,0.607649776008546,1.53286129679671,0.241170646756618
1.97,1.985,3.59045,0.218187299999999,0.635416658575699,1.55678746476709,0.222893600658606
1.98,1.99,3.5602,0.2456392,0.663511641541495,1.5809495968233,0.205975747766174
1.99,1.995,3.53005,0.2729099,0.691909441317622,1.60532280265885,0.190504313138425
2,2,3.5,0.3,0.720584501801074,1.62988192862676,0.176563390911704
2.01,2.005,3.47005,0.326910100000001,0.749511017372926,1.65460158069813,0.16423369322989
2.02,2.01,3.4402,0.3536408,0.778662956121641,1.67945614764427,0.153592307228759
2.03,2.015,3.41045,0.3801927,0.808014083270046,1.70441982442161,0.144712460719047
2.04,2.02,3.3808,0.4065664,0.837537984784846,1.72946663573823,0.137663297191303
2.05,2.025,3.35125,0.432762499999999,0.867208091147482,1.75457045978086,0.132509660742687
2.06,2.03,3.3218,0.4587816,0.896997701264902,1.77970505208088,0.12931189150132
2.07,2.035,3.29245,0.4846243,0.926880006498736,1.80484406949781,0.128125632097736
2.08,2.04,3.2632,0.5102912,0.956828114791271,1.82996109429879,0.129001645705618
2.09,2.045,3.23405,0.535782899999999,0.986815074866478,1.85502965831209,0.131985646145195
2.1,2.05,3.205,0.5611,1.01681390048435,1.88002326713322,0.13711814051268
2.11,2.055,3.17605,0.5862431,1.04679759472669,1.9049154243615,0.144434284767867
2.12,2.06,3.1472,0.6112128,1.07673917429252,1.9296796558454,0.153963752679712
2.13,2.065,3.11845,0.636009699999999,1.10661169378122,1.95428953391479,0.165730618496315
2.14,2.07,3.0898,0.6606344,1.1363882699416,1.97871870157824,0.179753253671409
2.15,2.075,3.06125,0.6850875,1.16604210586496,2.00294089666345,0.196044237944278
2.16,2.08,3.0328,0.709369600000001,1.19554651510054,2.02692997587923,0.214610285034053
2.17,2.085,3.00445,0.7334813,1.22487494567153,2.05065993877714,0.235452183172683
2.18,2.09,2.9762,0.7574232,1.25400100397002,2.0741049515914,0.258564750663647
2.19,2.095,2.94805,0.7811959,1.28289847850949,2.09723937093529,0.283936806615676
2.2,2.1,2.92,0.804800000000001,1.31154136351338,2.12003776733297,0.311551156962675
2.21,2.105,2.89205,0.8282361,1.33990388231851,2.14247494856526,0.341384595842467
2.22,2.11,2.8642,0.8515048,1.36796051057238,2.16452598280847,0.373407922368396
2.23,2.115,2.83645,0.8746067,1.39568599920333,2.18616622154534,0.407585972788932
2.24,2.12,2.8088,0.8975424,1.423055397143,2.20737132222742,0.443877667991681
2.25,2.125,2.78125,0.9203125,1.45004407378062,2.22811727066854,0.482236076269356
2.26,2.13,2.7538,0.9429176,1.4766277411289,2.24838040314903,0.522608491226811
2.27,2.135,2.72645,0.9653583,1.50278247568157,2.26813742821083,0.56493652466979
2.28,2.14,2.6992,0.9876352,1.52848473994293,2.28736544812385,0.609156214278257
2.29,2.145,2.67205,1.0097489,1.55371140360999,2.30604198000416,0.655198145829542
2.3,2.15,2.645,1.0317,1.5784397643882,2.32414497656492,0.702987589699773
2.31,2.155,2.61805,1.0534891,1.60264756842197,2.34165284648144,0.752444651335606
2.32,2.16,2.5912,1.0751168,1.62631303032166,2.35854447435191,0.803484435352946
2.33,2.165,2.56445,1.0965837,1.64941485276891,2.37479924023573,0.856017222884434
2.34,2.17,2.5378,1.1178904,1.67193224568286,2.39039703875199,0.909948661763828
2.35,2.175,2.51125,1.1390375,1.69384494492976,2.40531829772061,0.965179969102594
2.36,2.18,2.4848,1.1600256,1.71513323055936,2.41954399632953,1.02160814578223
2.37,2.185,2.45845,1.1808553,1.73577794455149,2.43305568281143,1.07912620235548
2.38,2.19,2.4322,1.2015272,1.75576050805705,2.44583549161399,1.13762339582002
2.39,2.195,2.40605,1.2220419,1.77506293811767,2.45786616004831,1.19698547670062
2.4,2.2,2.38,1.2424,1.79366786384915,2.4691310444003,1.25709494584872
2.41,2.205,2.35405,1.2626021,1.81155854207415,2.47961413549064,1.31783132034355
2.42,2.21,2.3282,1.2826488,1.82871887238984,2.48930007366904,1.37907140785523
2.43,2.215,2.30245,1.3025407,1.84513341165722,2.49817416322948,1.44068958880808
2.44,2.22,2.2768,1.3222784,1.8607873878989,2.50622238623327,1.50255810566207
2.45,2.225,2.25125,1.3418625,1.87566671359288,2.51343141572739,1.56454735861176
2.46,2.23,2.2258,1.3612936,1.88975799835036,2.51978862834625,1.62652620698456
2.47,2.235,2.20045,1.3805723,1.90304856096618,2.52528211628549,1.68836227560566
2.48,2.24,2.1752,1.3996992,1.91552644083109,2.5299006986368,1.74992226538278
2.49,2.245,2.15005,1.4186749,1.92718040869543,2.53363393207374,1.81107226735297
2.5,2.25,2.125,1.4375,1.93799997677474,2.5364721208787,1.87167807942354
2.51,2.255,2.10005,1.4561751,1.94797540818805,2.53840632630197,1.93160552503171
2.52,2.26,2.0752,1.4747008,1.95709772572042,2.5394283752445,1.99072077294155
2.53,2.265,2.05045,1.4930777,1.96535871990179,2.53953086825636,2.0488906573929
2.54,2.27,2.0258,1.5113064,1.97275095639501,2.53870718684372,2.10598299781496
2.55,2.275,2.00125,1.5293875,1.9792677826862,2.53695150007762,2.16186691731734
2.56,2.28,1.9768,1.5473216,1.98490333407156,2.53425877049869,2.2164131591731
2.57,2.285,1.95245,1.5651093,1.98965253893524,2.53062475931223,2.26949440051241
2.58,2.29,1.9282,1.5827512,1.99351112331342,2.52604603086904,2.32098556245111
2.59,2.295,1.90405,1.6002479,1.9964756147406,2.52051995642788,2.37076411588636
2.6,2.3,1.88,1.6176,1.99854334537461,2.51404471719607,2.41871038220125
2.61,2.305,1.85605,1.6348081,1.99971245439743,2.50661930664548,2.46470782813165
2.62,2.31,1.8322,1.6518728,1.99998188968986,2.49824353210169,2.50864335406223
2.63,2.315,1.80845,1.6687947,1.99935140877832,2.48891801560492,2.55040757503368
2.64,2.32,1.7848,1.6855744,1.99782157905307,2.47864419404172,2.5898950937603
2.65,2.325,1.76125,1.7022125,1.99539377725762,2.4674243185475,2.62700476497586
2.66,2.33,1.7378,1.7187096,1.9920701882497,2.45526145318004,2.6616399504463
2.67,2.335,1.71445,1.7350663,1.98785380303508,2.44215947286539,2.69370876400974
2.68,2.34,1.6912,1.7512832,1.98274841607586,2.42812306061773,2.72312430602831
2.69,2.345,1.66805,1.7673609,1.9767586218757,2.41315770403583,2.74980488666136
2.7,2.35,1.645,1.7833,1.96988981084509,2.39726969107892,2.77367423739671
2.71,2.355,1.62205,1.7991011,1.96214816445031,2.38046610512597,2.79466171030435
2.72,2.36,1.5992,1.8147648,1.95354064965057,2.36275481932259,2.81270246450707
2.73,2.365,1.57645,1.8302917,1.94407501262822,2.34414449022064,2.82773763939286
2.74,2.37,1.5538,1.8456824,1.93375977181765,2.3246445507161,2.83971451412611
2.75,2.375,1.53125,1.8609375,1.92260421023934,2.30426520229167,2.84858665304797
2.76,2.38,1.5088,1.8760576,1.91061836714573,2.28301740657079,2.85431403658983
2.77,2.385,1.48645,1.8910433,1.89781302898658,2.26091287619075,2.85686317735976
2.78,2.39,1.4642,1.9058952,1.88419971970191,2.23796406500306,2.85620722109689
2.79,2.395,1.44205,1.9206139,1.8697906903512,2.21418415760959,2.85232603222621
2.8,2.4,1.42,1.9352,1.85459890808828,2.18958705824419,2.84520626378315
2.81,2.405,1.39805,1.9496541,1.83863804449178,2.16418737900934,2.83484141151561
2.82,2.41,1.3762,1.9639768,1.8219224632616,2.13800042747866,2.82123185200952
2.83,2.415,1.35445,1.9781687,1.80446720729259,2.11104219367612,2.804384864723
2.84,2.42,1.3328,1.9922304,1.78628798513693,2.08332933644376,2.78431463785329
2.85,2.425,1.31125,2.0061625,1.76740115686749,2.05487916921003,2.76104225800025
2.86,2.43,1.2898,2.0199656,1.74782371935489,2.02570964517148,2.7345956836295
2.87,2.435,1.26845,2.0336403,1.72757329097146,1.99583934190108,2.70500970237814
2.88,2.44,1.2472,2.0471872,1.70666809573588,1.96528744539699,2.67232587228516
2.89,2.445,1.22605,2.0606069,1.6851269469128,1.93407373358595,2.63659244706815
2.9,2.45,1.205,2.0739,1.66296923008218,1.90221855929617,2.59786428560687
2.91,2.455,1.18405,2.0870671,1.64021488569357,1.86974283271484,2.55620274583271
2.92,2.46,1.1632,2.1001088,1.61688439112104,1.83666800334616,2.51167556326155
2.93,2.465,1.14245,2.1130257,1.59299874223496,1.80301604148585,2.46435671444471
2.94,2.47,1.1218,2.1258184,1.56857943450707,1.76880941922884,2.41432626565
2.95,2.475,1.10125,2.1384875,1.54364844366609,1.73407109102711,2.36167020712078
2.96,2.48,1.0808,2.1510336,1.51822820592098,1.69882447381521,2.30648027329629
2.97,2.485,1.06045,2.1634573,1.49234159776989,1.66309342672103,2.24885374941113
2.98,2.49,1.0402,2.1757592,1.46601191541287,1.62690223038033,2.18889326492485
2.99,2.495,1.02005,2.1879399,1.43926285378684,1.59027556587318,2.1267065742651
3,2.5,1,2.2,1.41211848524176,1.55323849330162,2.06240632539887
3.01,2.505,0.98005,2.2119401,1.38460323787712,1.5158164300273,1.99610981677606
3.02,2.51,0.9602,2.2237608,1.35674187355833,1.47803512858896,1.92793874321832
3.03,2.515,0.94045,2.2354627,1.32855946563269,1.43992065431934,1.85801893135316
3.04,2.52,0.9208,2.2470464,1.30008137636508,1.40149936268169,1.78648006521888
3.05,2.525,0.901249999999999,2.2585125,1.27133323411363,1.36279787634607,1.71345540269017
3.06,2.53,0.8818,2.2698616,1.24234091026592,1.32384306202619,1.63908148339654
3.07,2.535,0.862449999999999,2.2810943,1.21313049595649,1.28466200709734,1.56349782882685
3.08,2.54,0.8432,2.2922112,1.18372827858658,1.2452819960165,1.48684663533229
3.09,2.545,0.82405,2.3032129,1.15416071816723,1.20573048656577,1.4092724607574
3.1,2.55,0.805,2.3141,1.12445442350706,1.16603508594035,1.33092190544486
3.11,2.555,0.78605,2.3248731,1.09463612826616,1.12622352670261,1.25194328837292
3.12,2.56,0.7672,2.3355328,1.06473266689757,1.08632364262366,1.17248631919701
3.13,2.565,0.74845,2.3460797,1.03477095049809,1.04636334443424,1.09270176697648
3.14,2.57,0.7298,2.3565144,1.00477794259013,1.00637059550662,1.01274112637606
3.15,2.575,0.71125,2.3668375,0.974780634856341,0.966373387489193,0.932756282137501
3.16,2.58,0.6928,2.3770496,0.944806022848925,0.926399715915872,0.852899172621244
3.17,2.585,0.67445,2.3871513,0.914881081695466,0.886477555811862,0.773321453220352
3.18,2.59,0.6562,2.3971432,0.885032741823124,0.846634837317888,0.694174160448934
3.19,2.595,0.63805,2.4070259,0.855287864723086,0.806899421354671,0.61560737750603
3.2,2.6,0.62,2.4168,0.825673218777019,0.767299075349439,0.537769902111953
3.21,2.605,0.60205,2.4264661,0.796215455167351,0.727861449046304,0.46080891740879
3.22,2.61,0.5842,2.4360248,0.766941083892986,0.68861405042212,0.384869666708977
3.23,2.615,0.56645,2.4454767,0.737876449912113,0.649584221729506,0.310095132866672
3.24,2.62,0.5488,2.4548224,0.709047709433509,0.610799115688401,0.23662572303504
3.25,2.625,0.53125,2.4640625,0.680480806377726,0.572285671847618,0.164598959559617
3.26,2.63,0.5138,2.4731976,0.652201449029303,0.534070593137486,0.094149177742524
3.27,2.635,0.49645,2.4822283,0.624235086901058,0.496180322634678,0.0254072311958207
3.28,2.64,0.4792,2.4911552,0.59660688783123,0.458641020560003,-0.0414997945167199
3.29,2.645,0.46205,2.4999789,0.569341715334135,0.421478541529817,-0.106448859270192
3.3,2.65,0.445,2.5087,0.542464106224679,0.38471841208143,-0.169321236144445
3.31,2.655,0.42805,2.5173191,0.515998248536874,0.348385808492655,-0.230002768931763
3.32,2.66,0.4112,2.5258368,0.489967959756246,0.312505534915385,-0.288384118778053
3.33,2.665,0.39445,2.5342537,0.464396665385709,0.277102001842806,-0.34436099937584
3.34,2.67,0.3778,2.5425704,0.439307377864184,0.242199204929514,-0.397834400155563
3.35,2.675,0.36125,2.5507875,0.414722675856964,0.207820704183564,-0.448710796950942
3.36,2.68,0.3448,2.5589056,0.390664683936439,0.17398960354906,-0.496902349645065
3.37,2.685,0.32845,2.5669253,0.367155052671472,0.140728530897589,-0.542327086335653
3.38,2.69,0.3122,2.5748472,0.344214939143346,0.10805961844645,-0.584909073591022
3.39,2.695,0.29605,2.5826719,0.32186498790583,0.0760044836211927,-0.624578572402379
3.4,2.7,0.28,2.5904,0.300125312406458,0.0445842103796265,-0.661272179473099
3.41,2.705,0.26405,2.5980321,0.279015476885794,0.0138193310140209,-0.694932953521547
3.42,2.71,0.2482,2.6055688,0.25855447877094,-0.0162701915521843,-0.725510526310704
3.43,2.715,0.23245,2.6130107,0.238760731579119,-0.045664980957344,-0.752961198155271
3.44,2.72,0.2168,2.6203584,0.219652048346768,-0.0743462640687991,-0.777248017694828
3.45,2.725,0.20125,2.6276125,0.201245625598999,-0.102295887109431,-0.798340845760219
3.46,2.73,0.1858,2.6347736,0.183558027873889,-0.129496331229082,-0.816216403199123
3.47,2.735,0.17045,2.6418423,0.166605172815511,-0.155930727506968,-0.83085830256607
3.48,2.74,0.1552,2.6488192,0.150402316849136,-0.181582871371598,-0.842257063621497
3.49,2.745,0.14005,2.6557049,0.134964041451474,-0.206437236425348,-0.850410112624046
3.5,2.75,0.125,2.6625,0.12030424002833,-0.23047898766129,-0.855321765439828
3.51,2.755,0.11005,2.6692051,0.106436105411477,-0.253693994060491,-0.857003194531849
3.52,2.76,0.0952,2.6758208,0.0933721179860021,-0.276068840558475,-0.855472379932122
3.53,2.765,0.0804499999999997,2.6823477,0.0811240344587931,-0.297590839370205,-0.850754044337996
3.54,2.77,0.0657999999999999,2.6887864,0.0697028772783035,-0.318248040663427,-0.842879572512881
3.55,2.775,0.0512499999999996,2.6951375,0.0591189247150922,-0.338029242570868,-0.831886915209761
3.56,2.78,0.0367999999999999,2.7014016,0.0493817016120699,-0.356924000532347,-0.817820477873512
3.57,2.785,0.0224499999999996,2.7075793,0.040499970812786,-0.37492263595846,-0.800730994414974
3.58,2.79,0.00819999999999999,2.7136712,0.0324817252754622,-0.39201624420812,-0.780675386386026
3.59,2.795,-0.00594999999999979,2.7196779,0.0253341808798661,-0.408196701872852,-0.757716607920233
3.6,2.8,-0.0200000000000001,2.7256,0.0190637699335084,-0.423456673361344,-0.731923476838168
3.61,2.805,-0.0339499999999998,2.7314381,0.0136761353830019,-0.437789616778421,-0.70337049234992
3.62,2.81,-0.0478000000000002,2.7371928,0.00917612573578708,-0.451189789093211,-0.672137639819713
3.63,2.815,-0.0615499999999999,2.7428647,0.00556779069680469,-0.463652250591923,-0.638310183088737
3.64,2.82,-0.0752000000000002,2.7484544,0.00285437752403495,-0.475172868611308,-0.601978444882249
3.65,2.825,-0.0887499999999999,2.7539625,0.00103832810618321,-0.485748320549516,-0.563237575855672
3.66,2.83,-0.1022,2.7593896,0.000121276765145839,-0.495376096151699,-0.522187312861586
3.67,2.835,-0.11555,2.7647363,0.000104048785230737,-0.504054499068381,-0.478931727045366
3.68,2.84,-0.1288,2.7700032,0.00098665967045708,-0.511782647685267,-0.433578962401437
3.69,2.845,-0.14195,2.7751909,0.00276831513060238,-0.518560475223804,-0.386240965444813
3.7,2.85,-0.155,2.7803,0.00544741179601094,-0.524388729112483,-0.337033206673602
3.71,2.855,-0.16795,2.7853311,0.00902153866051703,-0.529268969629501,-0.286074394517577
3.72,2.86,-0.1808,2.7902848,0.0134874792511895,-0.533203567818098,-0.233486182485431
3.73,2.865,-0.19355,2.7951617,0.0188412145229382,-0.536195702676486,-0.179392870239268
3.74,2.87,-0.2062,2.7999624,0.0250779264753854,-0.538249357624985,-0.12392109933881
3.75,2.875,-0.21875,2.8046875,0.0321920024887385,-0.539369316253605,-0.0671995444101097
3.76,2.88,-0.2312,2.8093376,0.0401770403747723,-0.539561157353971,-0.00935860050359505
3.77,2.885,-0.24355,2.8139133,0.0490258541383621,-0.538831249240121,0.0494699325850083
3.78,2.89,-0.2558,2.8184152,0.0587304804443982,-0.537186743363366,0.109153168251213
3.79,2.895,-0.26795,2.8228439,0.0692821857842484,-0.534635567227012,0.169557452491339
3.8,2.9,-0.28,2.8272,0.0806714743353243,-0.531186416607395,0.230548683998277
3.81,2.905,-0.29195,2.8314841,0.0928880965066846,-0.526848747088279,0.291992634155883
3.82,2.91,-0.3038,2.8356968,0.105921058162973,-0.521632764916321,0.353755266145933
3.83,2.915,-0.31555,2.8398387,0.119758630518396,-0.51554941718588,0.415703052384717
3.84,2.92,-0.3272,2.8439104,0.134388360691842,-0.508610381362067,0.477703289511737
3.85,2.925,-0.33875,2.8479125,0.149797082913634,-0.500828054151534,0.539624410160012
3.86,2.93,-0.3502,2.8518456,0.165970930373827,-0.492215539731078,0.60133629074672
3.87,2.935,-0.36155,2.8557103,0.18289534770141,-0.482786637344709,0.662710554533783
3.88,2.94,-0.3728,2.8595072,0.200555104063154,-0.472555828280408,0.723620869220851
3.89,2.945,-0.38395,2.8632369,0.218934306870328,-0.461538262238366,0.783943238347843
3.9,2.95,-0.395,2.8669,0.238016416080967,-0.449749743103007,0.843556285800568
3.91,2.955,-0.40595,2.8704971,0.257784259084784,-0.437206714131688,0.902341532731241
3.92,2.96,-0.4168,2.8740288,0.278220046157365,-0.42392624257344,0.960183666225501
3.93,2.965,-0.42755,2.8774957,0.29930538646972,-0.409926003731666,1.01697079906915
3.94,2.97,-0.4382,2.8808984,0.321021304638783,-0.395224264485187,1.07259471999093
3.95,2.975,-0.44875,2.8842375,0.343348257803986,-0.379839866282526,1.12695113378234
3.96,2.98,-0.4592,2.8875136,0.3662661532145,-0.3637922076248,1.17993989072161
3.97,2.985,-0.46955,2.8907273,0.389754366311372,-0.347101226053012,1.23146520475655
3.98,2.99,-0.4798,2.8938792,0.413791759288217,-0.329787379656057,1.28143585992988
3.99,2.995,-0.48995,2.8969699,0.438356700113836,-0.311871628116083,1.3297654045607
4,3,-0.5,2.9,0.463427081999565,-0.293375413308363,1.37637233272719
4.01,3.005,-0.50995,2.9029701,0.488980343293909,-0.274320639473164,1.42118025262817
4.02,3.01,-0.519800000000001,2.9058808,0.5149934877865,-0.254729652977525,1.46411804143439
4.03,3.015,-0.52955,2.9087327,0.541443105403121,-0.234625221685212,1.50511998627504
4.04,3.02,-0.5392,2.9115264,0.56830539327322,-0.214030513953433,1.5441259110402
4.05,3.025,-0.54875,2.9142625,0.595556177150858,-0.192969077275337,1.58108128871598
4.06,3.03,-0.5582,2.9169416,0.623170933169927,-0.171464816587471,1.61593733900583
4.07,3.035,-0.56755,2.9195643,0.65112480991394,-0.149541972261878,1.64865111102879
4.08,3.04,-0.5768,2.9221312,0.679392650780662,-0.127225097802579,1.67918555092333
4.09,3.045,-0.58595,2.9246429,0.707949016621334,-0.10453903726665,1.70750955422354
4.1,3.05,-0.595,2.9271,0.736768208634197,-0.0815089024302129,1.733598002913
4.11,3.055,-0.60395,2.9295031,0.76582429149168,-0.0581600497199455,1.7574317871003
4.12,3.06,-0.6128,2.9318528,0.795091116680429,-0.0345180569309416,1.77899781129905
4.13,3.065,-0.62155,2.9341497,0.824542346033235,-0.0106086997518584,1.798288985334
4.14,3.07,-0.6302,2.9363944,0.854151475431571,0.0135420718813762,1.81530419993369
4.15,3.075,-0.63875,2.9385875,0.883891858657543,0.0379081575820968,1.83004828710841
4.16,3.08,-0.6472,2.9407296,0.913736731373656,0.0624633304380817,1.8425319654509
4.17,3.085,-0.65555,2.9428213,0.943659235208937,0.0871812610439355,1.85277177053456
4.18,3.09,-0.6638,2.9448632,0.973632441929642,0.112035541618901,1.86078997062199
4.19,3.095,-0.67195,2.9468559,1.00362937767286,0.136999710188411,1.86661446793291
4.2,3.1,-0.68,2.9488,1.03362304722114,0.16204727480755,1.87027868575719
4.21,3.105,-0.68795,2.9506961,1.06358645829641,0.187151737804605,1.87182144173396
4.22,3.11,-0.6958,2.9525448,1.09349264585117,0.212286620022844,1.87128680765226
4.23,3.115,-0.70355,2.9543467,1.12331469633523,0.237425485038627,1.86872395616273
4.24,3.12,-0.7112,2.9561024,1.15302577191608,0.262541963334091,1.86418699482206
4.25,3.125,-0.71875,2.9578125,1.18259913463113,0.287609776402551,1.85773478792394
4.26,3.13,-0.7262,2.9594776,1.21200817045009,0.312602760764915,1.84943076660033
4.27,3.135,-0.73355,2.9610983,1.24122641322577,0.337494891875466,1.83934272770634
4.28,3.14,-0.7408,2.9626752,1.27022756851184,0.362260307895431,1.8275426220295
4.29,3.145,-0.74795,2.9642089,1.29898553722606,0.386873333312978,1.81410633239108
4.3,3.15,-0.755,2.9657,1.32747443913769,0.411308502388236,1.79911344223189
4.31,3.155,-0.76195,2.9671491,1.35566863615797,0.435540582402343,1.78264699529844
4.32,3.16,-0.7688,2.9685568,1.38354275541261,0.459544596689422,1.76479324706755
4.33,3.165,-0.77555,2.9699237,1.41107171207574,0.483295847430865,1.74564140856743
4.34,3.17,-0.7822,2.9712504,1.43823073194451,0.506769938191269,1.72528338327224
4.35,3.175,-0.78875,2.9725375,1.46499537373422,0.529942796175772,1.7038134977638
4.36,3.18,-0.7952,2.9737856,1.49134155107382,0.552790694188708,1.68132822686925
4.37,3.185,-0.80155,2.9749953,1.517245554182,0.5752902722738,1.65792591399695
4.38,3.19,-0.8078,2.9761672,1.54268407120445,0.597418559016389,1.6337064874043
4.39,3.195,-0.81395,2.9773019,1.56763420919289,0.619152992488468,1.60877117314069
4.4,3.2,-0.82,2.9784,1.59207351470722,0.640471440817708,1.58322220541682
4.41,3.205,-0.82595,2.9794621,1.61597999402208,0.661352222361863,1.55716253515703
4.42,3.21,-0.8318,2.9804888,1.63933213291972,0.681774125470446,1.53069553749564
4.43,3.215,-0.83755,2.9814807,1.66210891605135,0.701716427815808,1.50392471897996
4.44,3.22,-0.8432,2.9824384,1.68428984584955,0.721158915276234,1.47695342524279
4.45,3.225,-0.84875,2.9833625,1.70585496097467,0.740081900354027,1.44988454990533
4.46,3.23,-0.8542,2.9842536,1.72678485427868,0.758466240111974,1.42282024546763
4.47,3.235,-0.85955,2.9851123,1.74706069027035,0.776293353612066,1.39586163693792
4.48,3.24,-0.8648,2.9859392,1.76666422206587,0.793545238840694,1.36910853894443
4.49,3.245,-0.86995,2.9867349,1.7855778078098,0.810204489105136,1.34265917706418
4.5,3.25,-0.875,2.9875,1.80378442655162,0.826254308886524,1.31660991409111
4.51,3.255,-0.87995,2.9882351,1.82126769356336,0.841678529134997,1.29105498195354
4.52,3.26,-0.8848,2.9889408,1.83801187508481,0.856461621993292,1.26608621997524
4.53,3.265,-0.88955,2.9896177,1.85400190248278,0.870588714935466,1.24179282015813
4.54,3.27,-0.8942,2.9902664,1.86922338581191,0.884045604308053,1.21826108014567
4.55,3.275,-0.89875,2.9908875,1.88366262676463,0.896818768261398,1.19557416450634
4.56,3.28,-0.9032,2.9914816,1.89730663099871,0.908895379059578,1.17381187495446
4.57,3.285,-0.90755,2.9920493,1.91014311983126,0.920263314757758,1.1530504301024
4.58,3.29,-0.9118,2.9925912,1.92216054128879,0.930911170236519,1.13336225531337
4.59,3.295,-0.91595,2.9931079,1.93334808050312,0.940828267583156,1.11481578319788
4.6,3.3,-0.92,2.9936,1.9436956694441,0.95000466581064,1.09747526526893
4.61,3.305,-0.92395,2.9940681,1.95319399598014,0.958431169905462,1.0814005952424
4.62,3.31,-0.9278,2.9945128,1.96183451225845,0.966099339196207,1.06664714443877
4.63,3.315,-0.93155,2.9949347,1.96960944239762,0.973001495035332,1.05326560971097
4.64,3.32,-0.9352,2.9953344,1.9765117894853,0.979130727787204,1.04130187429076
4.65,3.325,-0.93875,2.9957125,1.98253534187501,0.98448090311613,1.03079688191266
4.66,3.33,-0.9422,2.9960696,1.98767467877618,0.989046667568681,1.02178652454011
4.67,3.335,-0.94555,2.9964063,1.99192517513249,0.992823453445308,1.01430154398347
4.68,3.34,-0.9488,2.9967232,1.99528300578413,0.995807482956843,1.00836744766348
4.69,3.345,-0.95195,2.9970209,1.99774514891014,0.99799577166215,1.00400443873748
4.7,3.35,-0.955,2.9973,1.99930938874792,0.999386131183817,1.00122736076852
4.71,3.355,-0.95795,2.9975611,1.99997431758718,0.999977171199461,1.00004565707992
4.72,3.36,-0.9608,2.9978048,1.99973933703685,0.999768300706829,1.00046334490023
4.73,3.365,-0.96355,2.9980317,1.99860465856357,0.99875972856157,1.00247900436504
4.74,3.37,-0.9662,2.9982424,1.99657130330138,0.996952463287196,1.00608578240423
4.75,3.375,-0.96875,2.9984375,1.99364110113276,0.994348312157385,1.01127141150434
4.76,3.38,-0.9712,2.9986176,1.98981668904189,0.990949879551472,1.01801824329802
4.77,3.385,-0.97355,2.9987833,1.98510150874149,0.986760564584606,1.0263032968937
4.78,3.39,-0.9758,2.9989352,1.97949980357559,0.981784558014698,1.03609832182104
4.79,3.395,-0.97795,2.9990739,1.97301661470072,0.976026838428954,1.0473698754298
4.8,3.4,-0.98,2.9992,1.96565777654928,0.969493167713437,1.06007941454265
4.81,3.405,-0.98195,2.9993141,1.95742991157888,0.962190085809718,1.07418340112548
4.82,3.41,-0.9838,2.9994168,1.94834042431264,0.954124904763372,1.08963342170271
4.83,3.415,-0.98555,2.9995087,1.93839749467558,0.945305702069648,1.10637632020968
4.84,3.42,-0.9872,2.9995904,1.92761007063325,0.935741313322333,1.12435434393929
4.85,3.425,-0.98875,2.9996625,1.91598786013914,0.925441324172426,1.14350530220637
4.86,3.43,-0.9902,2.9997256,1.90354132239823,0.914416061603863,1.16376273732034
4.87,3.435,-0.99155,2.9997803,1.89028165845438,0.902676584534164,1.18505610742482
4.88,3.44,-0.9928,2.9998272,1.87622080111012,0.890234673748454,1.2073109807321
4.89,3.445,-0.99395,2.9998669,1.861371404188,0.877102821175961,1.23044924065096
4.9,3.45,-0.995,2.9999,1.84574683114293,0.863294218518601,1.25438930127781
4.91,3.455,-0.99595,2.9999271,1.82936114303604,0.848822745241967,1.27904633269444
4.92,3.46,-0.9968,2.9999488,1.8122290858806,0.833702955939466,1.30433249548998
4.93,3.465,-0.99755,2.9999657,1.7943660773717,0.817950067081049,1.33015718390059
4.94,3.47,-0.9982,2.9999784,1.77578819301126,0.80157994315845,1.35642727693803
4.95,3.475,-0.99875,2.9999875,1.75651215164124,0.78460908223942,1.38304739685713
4.96,3.48,-0.9992,2.9999936,1.73655530039779,0.767054600943978,1.40992017429306
4.97,3.485,-0.99955,2.9999973,1.71593559909996,0.748934218856197,1.43694651938161
4.98,3.49,-0.9998,2.9999992,1.69467160408715,0.730266242385623,1.46402589815976
4.99,3.495,-0.99995,2.9999999,1.67278245151959,0.711069548092799,1.49105661353002
5,3.5,-1,3,1.65028784015712,0.691363565493978,1.51793609005934
5.01,3.505,-0.99995,3.0000001,1.62720801363161,0.671168259360495,1.54456116187343
5.02,3.51,-0.9998,3.0000008,1.60356374222911,0.650504111528741,1.57082836289826
5.03,3.515,-0.99955,3.0000027,1.57937630419793,0.629392102237171,1.59663421869449
5.04,3.52,-0.9992,3.0000064,1.5546674665997,0.607853691007093,1.62187553912518
5.05,3.525,-0.99875,3.0000125,1.52945946572047,0.585910797084559,1.64644971109483
5.06,3.53,-0.9982,3.0000216,1.50377498705952,0.56358577946089,1.67025499059668
5.07,3.535,-0.99755,3.0000343,1.47763714491401,0.540901416489934,1.69319079330623
5.08,3.54,-0.9968,3.0000512,1.45106946157762,0.517880885120326,1.71515798296209
5.09,3.545,-0.99595,3.0000729,1.42409584617209,0.494547739761566,1.73605915677999
5.1,3.55,-0.995,3.0001,1.39674057313061,0.47092589080288,1.75579892715278
5.11,3.555,-0.99395,3.0001331,1.3690282603525,0.447039582804285,1.77428419889786
5.12,3.56,-0.9928,3.0001728,1.34098384704874,0.422913372379469,1.79142444132413
5.13,3.565,-0.99155,3.0002197,1.31263257129834,0.398572105790436,1.807131954403
5.14,3.57,-0.9902,3.0002744,1.28399994733585,0.374040896274141,1.82132212834232
5.15,3.575,-0.98875,3.0003375,1.25511174259017,0.349345101121468,1.83391369587792
5.16,3.58,-0.9872,3.0004096,1.22599395449569,0.324510298529338,1.84482897661573
5.17,3.585,-0.98555,3.0004913,1.1966727870963,0.299562264246658,1.85399411277638
5.18,3.59,-0.9838,3.0005832,1.16717462746354,0.274526948035302,1.86133929571578
5.19,3.595,-0.98195,3.0006859,1.13752602195,0.249430449967249,1.86679898261775
5.2,3.6,-0.98,3.0008,1.10775365229944,0.224298996579289,1.87031210277905
5.21,3.605,-0.97795,3.0009261,1.07788431163497,0.199158916906779,1.87182225293299
5.22,3.61,-0.9758,3.0010648,1.04794488034705,0.174036618418031,1.87127788108513
5.23,3.615,-0.97355,3.0012167,1.01796230190301,0.148958562871092,1.86863245836284
5.24,3.62,-0.9712,3.0013824,0.987963558599671,0.123951242114597,1.86384463841056
5.25,3.625,-0.96875,3.0015625,0.957975647281159,0.0990411538545672,1.85687840389363
5.26,3.63,-0.9662,3.0017576,0.928025555043535,0.0742547774089919,1.84770319970555
5.27,3.635,-0.96355,3.0019683,0.898140234948239,0.0496185494720351,1.83629405250702
5.28,3.64,-0.9608,3.0021952,0.868346581766167,0.0251588399097505,1.82263167625887
5.29,3.645,-0.95795,3.0024389,0.838671407774163,0.000901927609065267,1.80670256344662
5.3,3.65,-0.955,3.0027,0.809141418625812,-0.0231260235980888,1.78849906172973
5.31,3.655,-0.95195,3.0029791,0.779783189318125,-0.0468989889139102,1.76801943578534
5.32,3.66,-0.9488,3.0032768,0.750623140275867,-0.0703911064353802,1.7452679141537
5.33,3.665,-0.94555,3.0035937,0.721687513574927,-0.0935767008750366,1.72025472092968
5.34,3.67,-0.9422,3.0039304,0.69300234932624,-0.116430307120379,1.69299609218326
5.35,3.675,-0.93875,3.0042875,0.664593462241439,-0.138926693610717,1.66351427703026
5.36,3.68,-0.9352,3.0046656,0.636486418401358,-0.161040885510347,1.63183752331292
5.37,3.685,-0.93155,3.0050653,0.608706512248288,-0.182748187657178,1.59800004788914
5.38,3.69,-0.9278,3.0054872,0.581278743822674,-0.204024207266107,1.56204199156783
5.39,3.695,-0.92395,3.0059319,0.554227796264785,-0.224844876366618,1.5240093587665
5.4,3.7,-0.92,3.0064,0.527578013601531,-0.245186473954456,1.48395394200603
5.41,3.705,-0.91595,3.0068921,0.501353378838514,-0.265025647837271,1.44193323139575
5.42,3.71,-0.9118,3.0074088,0.475577492376905,-0.284339436154656,1.39801030929999
5.43,3.715,-0.90755,3.0079507,0.450273550774697,-0.30310528855305,1.35225373041505
5.44,3.72,-0.9032,3.0085184,0.425464325871369,-0.321301086996443,1.30473738752209
5.45,3.725,-0.89875,3.0091125,0.401172144294763,-0.338905166194131,1.25554036321829
5.46,3.73,-0.8942,3.0097336,0.377418867368626,-0.35589633362703,1.20474676796401
5.47,3.735,-0.88955,3.0103823,0.35422587143889,-0.372253889154524,1.15244556481868
5.48,3.74,-0.8848,3.0110592,0.331614028636412,-0.387957644184096,1.09873038127194
5.49,3.745,-0.87995,3.0117649,0.309603688093464,-0.402987940386497,1.04369930860962
5.5,3.75,-0.875,3.0125,0.288214657630877,-0.417325667939515,0.987454689285975
5.51,3.755,-0.86995,3.0132651,0.267466185932353,-0.430952283283861,0.930102892804427
5.52,3.76,-0.8648,3.0140608,0.24737694522194,-0.443849826375186,0.871754080638332
5.53,3.765,-0.85955,3.0148877,0.227965014460298,-0.456000937416603,0.812521960751795
5.54,3.77,-0.8542,3.0157464,0.209247863074841,-0.467388873056616,0.752523532307089
5.55,3.775,-0.84875,3.0166375,0.191242335238451,-0.477997522037811,0.691878821170866
5.56,3.78,-0.8432,3.0175616,0.17396463471084,-0.487811420282197,0.63071060685503
5.57,3.785,-0.83755,3.0185193,0.157430310256274,-0.496815765399517,0.569144141550589
5.58,3.79,-0.8318,3.0195112,0.14165424165073,-0.504996430605453,0.507306861933352
5.59,3.795,-0.82595,3.0205379,0.126650626291102,-0.512339978037122,0.445328094439524
5.6,3.8,-0.82,3.0216,0.112432966418495,-0.518833671453826,0.383338754726361
5.61,3.805,-0.81395,3.0226981,0.0990140569671349,-0.524465488311551,0.321471042048688
5.62,3.81,-0.8078,3.0238328,0.0864059740497789,-0.529224131200308,0.259858129295671
5.63,3.815,-0.80155,3.0250047,0.0746200640900297,-0.533099038633956,0.198633849444286
5.64,3.82,-0.7952,3.0262144,0.0636669336113291,-0.536080395182715,0.13793237919569
5.65,3.825,-0.78875,3.0274625,0.0535564396917899,-0.53815914093922,0.0778879205689922
5.66,3.83,-0.7822,3.0287496,0.0442976810935066,-0.539326980309501,0.0186343812329471
5.67,3.835,-0.77555,3.0300763,0.0358989900742678,-0.539576390120949,-0.0396949456395903
5.68,3.84,-0.7688,3.0314432,0.0283679248890952,-0.538900627039873,-0.0969677012073338
5.69,3.845,-0.76195,3.0328509,0.021711262988325,-0.537293734291924,-0.153052779698973
5.7,3.85,-0.755,3.0343,0.0159349949183566,-0.534750547679281,-0.20782064526844
5.71,3.855,-0.74795,3.0357911,0.0110443189305671,-0.531266700889103,-0.261143646184949
5.72,3.86,-0.7408,3.0373248,0.00704363630323379,-0.526838630088411,-0.312896325580961
5.73,3.865,-0.73355,3.0389017,0.00393654738068372,-0.521463577801196,-0.362955727988997
5.74,3.87,-0.7262,3.0405224,0.0017258483332252,-0.515139596064204,-0.411201700907318
5.75,3.875,-0.71875,3.0421875,0.000413528640782812,-0.507865548858476,-0.457517190646029
5.76,3.88,-0.7112,3.0438976,7.69302501035796e-07,-0.499641113814402,-0.50178853171807
5.77,3.885,-0.70355,3.0456533,0.000487941773924083,-0.490466783188677,-0.543905729054678
5.78,3.89,-0.6958,3.0474552,0.00187460763271041,-0.480343864112221,-0.58376273234159
5.79,3.895,-0.68795,3.0493039,0.00415951897318478,-0.46927447810875,-0.621257701790907
5.8,3.9,-0.68,3.0512,0.00734061952936682,-0.457261559884391,-0.656293264683601
5.81,3.905,-0.67195,3.0531441,0.0114150465254749,-0.44430885538933,-0.688776762039685
5.82,3.91,-0.6638,3.0551368,0.0163791332522275,-0.430420919153202,-0.71862048479655
5.83,3.915,-0.65555,3.0571787,0.0222284123666365,-0.41560311089651,-0.745741898901039
5.84,3.92,-0.6472,3.0592704,0.0289576199123126,-0.399861591421083,-0.770063858747301
5.85,3.925,-0.63875,3.0614125,0.036560700056674,-0.383203317783185,-0.791514808420573
5.86,3.93,-0.6302,3.0636056,0.0450308105407827,-0.365636037753558,-0.810028970236288
5.87,3.935,-0.62155,3.0658503,0.0543603288369171,-0.347168283569298,-0.825546520094562
5.88,3.94,-0.6128,3.0681472,0.0645408590083365,-0.327809364983117,-0.838013749201849
5.89,3.945,-0.60395,3.0704969,0.0755632392650493,-0.307569361616202,-0.847383211744672
5.9,3.95,-0.595,3.0729,0.087417550208817,-0.286459114621419,-0.853613858134136
5.91,3.955,-0.58595,3.0753571,0.100093123759926,-0.264490217664375,-0.856671153475085
5.92,3.96,-0.5768,3.0778688,0.11357855275776,-0.241675007230283,-0.856527180949426
5.93,3.965,-0.56755,3.0804357,0.12786170122646,-0.218026552265368,-0.85316072983993
5.94,3.97,-0.5582,3.0830584,0.142929715296488,-0.193558643162016,-0.846557367958048
5.95,3.975,-0.54875,3.0857375,0.15876903477224,-0.1682857800975,-0.836709498277215
5.96,3.98,-0.5392,3.0884736,0.175365405335309,-0.142223160736726,-0.823616399611641
5.97,3.985,-0.52955,3.0912673,0.192703891372412,-0.115386667309966,-0.807284251219331
5.98,3.99,-0.5198,3.0941192,0.210768889416428,-0.0877928530771659,-0.787726141247387
5.99,3.995,-0.50995,3.0970299,0.229544142188465,-0.0594589281908964,-0.764962058976921
6,4,-0.5,3.1,0.249012753228324,-0.0304027449706021,-0.739018870864538
6.01,4.005,-0.48995,3.1030301,0.269157202100159,-0.000642782601356862,-0.709930280416869
6.02,4.01,-0.4798,3.1061208,0.289959360159696,0.0298018687292276,-0.677736771974109
6.03,4.015,-0.46955,3.1092727,0.31140050686878,0.0609115242417055,-0.642485538517871
6.04,4.02,-0.4592,3.1124864,0.333461346642614,0.0926659215084552,-0.604230393657667
6.05,4.025,-0.44875,3.1157625,0.356122026214458,0.125044237915066,-0.563031667989119
6.06,4.03,-0.438199999999999,3.1191016,0.379362152502252,0.158025108623893,-0.518956090055101
6.07,4.035,-0.42755,3.1225043,0.403160810960996,0.191586645023611,-0.47207665217884
6.08,4.04,-0.4168,3.1259712,0.427496584404438,0.225706453648309,-0.42247246147489
6.09,4.045,-0.40595,3.1295029,0.452347572279092,0.260361655549137,-0.37022857638035
6.1,4.05,-0.395,3.1331,0.477691410373268,0.295528906101173,-0.315435829084015
6.11,4.055,-0.38395,3.1367631,0.503505290943337,0.331184415227726,-0.25819063426583
6.12,4.06,-0.3728,3.1404928,0.529765983239165,0.367303968024011,-0.198594784592428
6.13,4.065,-0.36155,3.1442897,0.556449854410237,0.403862945761676,-0.136755233447162
6.14,4.07,-0.350199999999999,3.1481544,0.583532890773604,0.440836347255346,-0.0727838654041837
6.15,4.075,-0.33875,3.1520875,0.610990719424588,0.478198810572071,-0.00679725498630823
6.16,4.08,-0.3272,3.1560896,0.638798630170748,0.515924635064198,0.0610835857250158
6.17,4.085,-0.31555,3.1601613,0.666931597769393,0.553987803705925,0.13073347003176
6.18,4.09,-0.3038,3.1643032,0.695364304448606,0.592362005713508,0.202023309491827
6.19,4.095,-0.29195,3.1685159,0.724071162691522,0.631020659428834,0.274820396075973
6.2,4.1,-0.28,3.1728,0.753026338263379,0.669936935445883,0.348988692940314
6.21,4.105,-0.26795,3.1771561,0.782203773460573,0.70908377995931,0.424389133124566
6.22,4.11,-0.2558,3.1815848,0.811577210560852,0.748433938314239,0.500879925466477
6.23,4.115,-0.24355,3.1860867,0.841120215453469,0.787959978736113,0.57831686700545
6.24,4.12,-0.2312,3.1906624,0.870806201428111,0.827634316219383,0.656553661132227
6.25,4.125,-0.21875,3.1953125,0.900608453101152,0.867429236553595,0.735442240727573
6.26,4.13,-0.2062,3.2000376,0.930500150457673,0.907316920465293,0.814833095520433
6.27,4.135,-0.193549999999999,3.2048383,0.960454392987683,0.947269467854162,0.894575602885894
6.28,4.14,-0.1808,3.2097152,0.990444223894753,0.987258922101615,0.974518361294654
6.29,4.145,-0.16795,3.2146689,1.02044265435532,1.02725729443009,1.05450952561939
6.3,4.15,-0.155,3.2197,1.05042268780681,1.06723658829116,1.13439714349856
6.31,4.155,-0.141949999999999,3.2248091,1.0803573442427,1.1071688237606,1.21402949195596
6.32,4.16,-0.1288,3.2299968,1.11021968449274,1.14702606191856,1.29325541347333
6.33,4.165,-0.11555,3.2352637,1.13998283446633,1.18678042919302,1.37192465071496
6.34,4.17,-0.1022,3.2406104,1.16962000933746,1.22640414164454,1.44988817910648
6.35,4.175,-0.0887499999999993,3.2460375,1.1991045376492,1.26586952917075,1.52699853647503
6.36,4.18,-0.0751999999999996,3.2515456,1.2284098853162,1.30514905960872,1.60311014896567
6.37,4.185,-0.0615499999999999,3.2571353,1.25750967950363,1.34421536271363,1.67807965245772
6.38,4.19,-0.0478000000000002,3.2628072,1.28637773236088,1.3830412539923,1.75176620871584
6.39,4.195,-0.0339499999999993,3.2685619,1.31498806458893,1.42159975837015,1.82403181552349
6.4,4.2,-0.0199999999999995,3.2744,1.3433149288199,1.45986413367039,1.89474161006159
6.41,4.205,-0.00594999999999979,3.2803221,1.37133283278799,1.4978078938844,1.96376416481117
6.42,4.21,0.00819999999999999,3.2863288,1.39901656227079,1.53540483221239,2.03097177527768
6.43,4.215,0.0224499999999996,3.2924207,1.42634120378036,1.57262904385382,2.09624073885434
6.44,4.22,0.0368000000000006,3.2985984,1.4532821669837,1.60945494852691,2.15945162416403
6.45,4.225,0.0512500000000002,3.3048625,1.47981520683237,1.64585731269733,2.22048953024205
6.46,4.23,0.0657999999999999,3.3112136,1.50591644538145,1.68181127149594,2.27924433494767
6.47,4.235,0.0804499999999997,3.3176523,1.53156239327803,1.71729235030601,2.33561093201826
6.48,4.24,0.0952000000000006,3.3241792,1.55672997090004,1.75227648600058,2.38948945620782
6.49,4.245,0.11005,3.3307949,1.58139652912638,1.78674004781094,2.4407854959812
6.5,4.25,0.125,3.3375,1.6055398697196,1.82065985780742,2.48941029326543
6.51,4.255,0.14005,3.3442951,1.62913826530279,1.85401321097432,2.53528092979159
6.52,4.26,0.155200000000001,3.3511808,1.65217047891276,1.88677789486084,2.57832049959329
6.53,4.265,0.17045,3.3581577,1.6746157831119,1.91893220879044,2.61845826726206
6.54,4.27,0.1858,3.3652264,1.69645397864144,1.95045498261146,2.65562981159452
6.55,4.275,0.20125,3.3723875,1.71766541259943,1.98132559497221,2.68977715430216
6.56,4.28,0.216800000000001,3.3796416,1.73823099612705,2.01152399110406,2.72084887349119
6.57,4.285,0.232450000000001,3.3869893,1.75813222158725,2.04103070009674,2.74880020165688
6.58,4.29,0.2482,3.3944312,1.77735117922041,2.06982685165028,2.77359310797527
6.59,4.295,0.26405,3.4019679,1.7958705732619,2.09789419228863,2.79519636471287
6.6,4.3,0.280000000000001,3.4096,1.81367373750711,2.12521510102048,2.81358559761437
6.61,4.305,0.296050000000001,3.4173281,1.83074465030989,2.15177260443318,2.82874332016721
6.62,4.31,0.3122,3.4251528,1.84706794900097,2.17755039120628,2.84065895168137
6.63,4.315,0.32845,3.4330747,1.86262894371333,2.20253282603184,2.84932881916228
6.64,4.32,0.344800000000001,3.4410944,1.87741363060205,2.22670496292878,2.85475614299431
6.65,4.325,0.361250000000001,3.4492125,1.89140870444687,2.25005255793967,2.85695100649159
6.66,4.33,0.3778,3.4574296,1.90460157062597,2.27256208119835,2.85593030941275
6.67,4.335,0.39445,3.4657463,1.91698035645028,2.29422072835782,2.85171770557458
6.68,4.34,0.4112,3.4741632,1.9285339218481,2.31501643136798,2.84434352473892
6.69,4.345,0.428050000000001,3.4826809,1.93925186939043,2.33493786859376,2.83384467898495
6.7,4.35,0.445,3.4913,1.94912455364789,2.35397447426449,2.82026455381707
6.71,4.355,0.46205,3.5000211,1.95814308987106,2.37211644724624,2.80365288429541
6.72,4.36,0.4792,3.5088448,1.96629936198607,2.38935475912907,2.78406561651251
6.73,4.365,0.496450000000001,3.5177717,1.97358602989854,2.40568116162219,2.76156475477519
6.74,4.37,0.513800000000001,3.5268024,1.97999653609918,2.42108819325038,2.73621819488525
6.75,4.375,0.53125,3.5359375,1.98552511156512,2.43556918534574,2.70809954394626
6.76,4.38,0.5488,3.5451776,1.9901667809516,2.44911826732929,2.67728792715634
6.77,4.385,0.566450000000001,3.5545233,1.99391736706947,2.46173037127806,2.64386778207808
6.78,4.39,0.584200000000001,3.5639752,1.99677349464439,2.47340123577329,2.60792864090699
6.79,4.395,0.60205,3.5735339,1.99873259335433,2.48412740902662,2.56956490128869
6.8,4.4,0.62,3.5832,1.99979290014267,2.49390625128128,2.52887558626269
6.81,4.405,0.638050000000001,3.5929741,1.99995346080488,2.50273593648645,2.48596409393619
6.82,4.41,0.656200000000001,3.6028568,1.9992141308472,2.51061545324315,2.44093793751642
6.83,4.415,0.67445,3.6128487,1.99757557561669,2.51754460502095,2.39390847635246
6.84,4.42,0.6928,3.6229504,1.99503926970245,2.52352400964538,2.34499063865911
6.85,4.425,0.711250000000001,3.6331625,1.99160749560862,2.52855509805663,2.29430263661493
6.86,4.43,0.729800000000001,3.6434856,1.98728334170024,2.53264011234054,2.24196567454426
6.87,4.435,0.74845,3.6539203,1.98207069942395,2.53578210303394,2.18810365090958
6.88,4.44,0.7672,3.6644672,1.97597425980597,2.53798492570671,2.13284285485438
6.89,4.445,0.786050000000001,3.6751269,1.96899950923044,2.53925323682369,2.07631165804959
6.9,4.45,0.805000000000001,3.6859,1.96115272450212,2.53959248889032,2.01864020260704
6.91,4.455,0.82405,3.6967871,1.9524409671976,2.53900892488635,1.95996008583194
6.92,4.46,0.8432,3.7077888,1.94287207731045,2.53750957199277,1.90040404259349
6.93,4.465,0.862449999999999,3.7189057,1.93245466619566,2.53510223461764,1.84010562609729
6.94,4.47,0.881800000000001,3.7301384,1.92119810882011,2.53179548672709,1.77919888784611
6.95,4.475,0.90125,3.7414875,1.90911253532562,2.52759866348865,1.71781805757667
6.96,4.48,0.9208,3.7529536,1.8962088219126,2.52252185223426,1.65609722395883
6.97,4.485,0.94045,3.7645373,1.88249858105214,2.51657588275132,1.59417001684072
6.98,4.49,0.960200000000001,3.7762392,1.86799415103559,2.50977231691053,1.53216929181844
6.99,4.495,0.98005,3.7880599,1.85270858487097,2.50212343763988,1.47022681790193
7,4.5,1,3.8,1.83665563853606,2.49364223725485,1.40847296903991
7.01,4.505,1.02005,3.8120601,1.81984975859903,2.48434240515531,1.34703642025627
7.02,4.51,1.0402,3.8242408,1.80230606921745,2.47423831490032,1.28604384913753
7.03,4.515,1.06045,3.8365427,1.78404035852762,2.46334501067244,1.22561964339656
7.04,4.52,1.0808,3.8489664,1.76506906443625,2.45167819314389,1.16588561522199
7.05,4.525,1.10125,3.8615125,1.7454092598275,2.43925420475727,1.10696072310437
7.06,4.53,1.1218,3.8741816,1.72507863719852,2.42609001443412,1.04896080181075
7.07,4.535,1.14245,3.8869743,1.70409549273741,2.41220320172529,0.991998301158113
7.08,4.54,1.1632,3.8998912,1.68247870985784,2.3976119404172,0.936182034212927
7.09,4.545,1.18405,3.9129329,1.66024774220534,2.38233498160906,0.881616935520114
7.1,4.55,1.205,3.9261,1.63742259615024,2.36639163627612,0.828403829938332
7.11,4.555,1.22605,3.9393931,1.61402381278334,2.34980175733483,0.776639212631447
7.12,4.56,1.2472,3.9528128,1.59007244943029,2.3325857212261,0.726415040737337
7.13,4.565,1.26845,3.9663597,1.56559006070146,2.31476440903315,0.677818537205082
7.14,4.57,1.2898,3.9800344,1.54059867909417,2.29635918715123,0.630932007260645
7.15,4.575,1.31125,3.9938375,1.51512079516502,2.27739188752643,0.585832667928681
7.16,4.58,1.3328,4.0077696,1.48917933728983,2.25788478748159,0.542592491004872
7.17,4.585,1.35445,4.0218313,1.4627976510297,2.23786058914737,0.501278059838927
7.18,4.59,1.3762,4.0360232,1.43599947812154,2.21734239851719,0.461950440253213
7.19,4.595,1.39805,4.0503459,1.40880893511215,2.19635370414486,0.424665065886008
7.2,4.6,1.42,4.0648,1.38125049165494,2.17491835550409,0.389471638211824
7.21,4.605,1.44205,4.0793861,1.35334894848888,2.15306054102948,0.356414041453957
7.22,4.61,1.4642,4.0941048,1.32512941511951,2.13080476585872,0.325530272566708
7.23,4.615,1.48645,4.1089567,1.29661728722211,2.10817582929626,0.296852386426641
7.24,4.62,1.5088,4.1239424,1.26783822378729,2.08519880201846,0.270406456333637
7.25,4.625,1.53125,4.1390625,1.23881812402958,2.06189900304109,0.24621254988397
7.26,4.63,1.5538,4.1543176,1.20958310407999,2.03830197646983,0.22428472023879
7.27,4.635,1.57645,4.1697083,1.18015947348317,2.01443346805469,0.204631012772499
7.28,4.64,1.5992,4.1852352,1.15057371152061,1.99031940156959,0.187253487046849
7.29,4.645,1.62205,4.2008989,1.1208524433811,1.96598585503832,0.17214825401796
7.3,4.65,1.645,4.2167,1.09102241619985,1.94145903682841,0.159305528345142
7.31,4.655,1.66805,4.2326391,1.06111047498784,1.91676526163438,0.148709695632434
7.32,4.66,1.6912,4.2487168,1.03114353847318,1.89193092637208,0.140339394396315
7.33,4.665,1.71445,4.2649337,1.00114857487601,1.8669824860058,0.134167612516058
7.34,4.67,1.7378,4.2812904,0.971152577638991,1.84194642933008,0.130161797886889
7.35,4.675,1.76125,4.2977875,0.941182541134947,1.81684925472783,0.128283982960544
7.36,4.68,1.7848,4.3144256,0.911265436373823,1.79171744592686,0.128490922823173
7.37,4.685,1.80845,4.3312053,0.881428186730562,1.7665774477765,0.130734246426452
7.38,4.69,1.8322,4.3481272,0.851697643715884,1.74145564206624,0.134960620555226
7.39,4.695,1.85605,4.3651919,0.822100562811752,1.71637832340816,0.141111926083028
7.4,4.7,1.88,4.3824,0.792663579393238,1.69137167520486,0.149125446036238
7.41,4.705,1.90405,4.3997521,0.763413184758485,1.66646174572467,0.158934064958421
7.42,4.71,1.9282,4.4172488,0.734375702288318,1.6416744243055,0.170466479038055
7.43,4.715,1.95245,4.4348907,0.705577263756986,1.61703541770905,0.183647416436398
7.44,4.72,1.9768,4.4526784,0.677043785815334,1.59257022664642,0.198397867226919
7.45,4.725,2.00125,4.4706125,0.648800946667559,1.56830412249653,0.214635322333805
7.46,4.73,2.0258,4.4886936,0.62087416296256,1.54426212423808,0.232274020835217
7.47,4.735,2.05045,4.5069223,0.593288566920666,1.52046897561609,0.251225204976016
7.48,4.74,2.0752,4.5252992,0.566068983716345,1.49694912256346,0.271397382216094
7.49,4.745,2.10005,4.5438249,0.539239909137218,1.47372669089786,0.292696593623107
7.5,4.75,2.125,4.5625,0.51282548753949,1.45082546431423,0.315026687903028
7.51,4.755,2.15005,4.5813251,0.486849490119685,1.4282688626925,0.338289600348339
7.52,4.76,2.1752,4.6003008,0.461335293522151,1.40607992074031,0.362385635971862
7.53,4.765,2.20045,4.6194277,0.436305858801673,1.38428126698973,0.387213756084324
7.54,4.77,2.2258,4.6387064,0.411783710760058,1.36289510316717,0.412671867565776
7.55,4.775,2.25125,4.6581375,0.387790917675354,1.34194318395487,0.43865711407466
7.56,4.78,2.2768,4.6777216,0.364349071441865,1.32144679716228,0.465066168434372
7.57,4.785,2.30245,4.6974593,0.341479268138928,1.30142674432525,0.491795525434598
7.58,4.79,2.3282,4.7173512,0.31920208904585,1.28190332175042,0.518741794284638
7.59,4.795,2.35405,4.7373979,0.297537582120153,1.26289630202195,0.545801989957237
7.6,4.8,2.38,4.7576,0.276505243955755,1.24442491598724,0.57287382266514
7.61,4.805,2.40605,4.7779581,0.256124002237366,1.22650783523794,0.599855984718058
7.62,4.81,2.4322,4.7984728,0.236412198706841,1.20916315510186,0.626648434014788
7.63,4.815,2.45845,4.8191447,0.217387572656848,1.19240837816128,0.653152673434882
7.64,4.82,2.4848,4.8399744,0.19906724496671,1.17626039831253,0.679272025404969
7.65,4.825,2.51125,4.8609625,0.181467702694763,1.16073548538096,0.704911900927961
7.66,4.83,2.5378,4.8821096,0.16460478424112,1.14584927030548,0.729980062378143
7.67,4.835,2.56445,4.9034163,0.148493665094174,1.13161673090579,0.754386879381438
7.68,4.84,2.5912,4.9248832,0.133148844173688,1.11805217824525,0.778045577118556
7.69,4.845,2.61805,4.9465109,0.118584130782749,1.10516924360159,0.800872476408589
7.7,4.85,2.645,4.9683,0.104812632180318,1.09298086605732,0.822787224951962
7.71,4.855,2.67205,4.9902511,0.0918467417855925,1.08149928072083,0.843713019135052
7.72,4.86,2.6992,5.0123648,0.0796981280247523,1.07073600758904,0.863576815823045
7.73,4.865,2.72645,5.0346417,0.068377723830177,1.06070184106142,0.882309533593937
7.74,4.87,2.7538,5.0570824,0.0578957168015388,1.05140684011495,0.899846242893844
7.75,4.875,2.78125,5.0796875,0.0482615400376465,1.04286031914882,0.916126344622624
7.76,4.88,2.8088,5.1024576,0.0394838636473016,1.03507083950716,0.931093736688742
7.77,4.885,2.83645,5.1253933,0.0315705869467801,1.02804620168738,0.944696968103529
7.78,4.89,2.8642,5.1484952,0.0245288313509829,1.02179343824125,0.956889380217172
7.79,4.895,2.89205,5.1717639,0.0183649339646405,1.01631880737493,0.967629234732094
7.8,4.9,2.92,5.1952,0.0130844418793513,1.01162778725396,0.976879828163439
7.81,4.905,2.94805,5.2188041,0.00869210718156832,1.00772507101806,0.984609592451516
7.82,4.91,2.9762,5.2425768,0.00519188267604676,1.00461456251057,0.99079218146668
7.83,4.915,3.00445,5.2665187,0.00258691832858327,1.00229937272601,0.995406543183638
7.84,4.92,3.0328,5.2906304,0.000879558431260974,1.00078181697924,0.998436977339066
7.85,4.925,3.06125,5.3149125,7.13394927437383e-05,1.00006341279866,0.99987317842389
7.86,4.93,3.0898,5.3393656,0.000162988855523349,1.00014487854538,0.999710263899415
7.87,4.935,3.11845,5.3639903,0.00115442404135924,1.0010261327595,0.997948787564545
7.88,4.94,3.1472,5.3887872,0.00304475282550432,1.00270629423428,0.994594738039645
7.89,4.945,3.17605,5.4137569,0.00583227403964615,1.00518368281796,0.989659522370956
7.9,4.95,3.205,5.4389,0.00951447910284409,1.00845582094262,0.983159934797822
7.91,4.955,3.23405,5.4642171,0.0140880542790819,1.01251943587857,0.975118110763242
7.92,4.96,3.2632,5.4897088,0.0195488836594084,1.01737046271248,0.965561466286317
7.93,4.965,3.29245,5.5153757,0.0258920528659781,1.02300404804625,0.954522622852896
7.94,4.97,3.3218,5.5412184,0.033111853474653,1.02941455441352,0.942039318018067
7.95,4.975,3.35125,5.5672375,0.0412017881522094,1.03659556540983,0.928154301951034
7.96,4.98,3.3808,5.5934336,0.0501545765034902,1.04453989153163,0.912915220189169
7.97,4.985,3.41045,5.6198073,0.0599621616232762,1.05323957671909,0.896374482903649
7.98,4.99,3.4402,5.6463592,0.0706157173469507,1.06268590559665,0.878589121013932
7.99,4.995,3.47005,5.6730899,0.0821056561934546,1.07286941140494,0.859620629522295
8,5,3.5,5.7,0.0944216379933761,1.08377988461676,0.839534798472725
8.01,5.005,3.53005,5.7270901,0.107552579194398,1.09540638222948,0.818401531970489
8.02,5.01,3.5602,5.7543608,0.12148666283575,1.10773723772543,0.796294655729622
8.03,5.015,3.59045,5.7818127,0.136211349182678,1.12076007169135,0.7732917136453
8.04,5.02,3.6208,5.8094464,0.151713387011362,1.13446180308722,0.749473753916617
8.05,5.025,3.65125,5.8372625,0.167978825534102,1.1488286611545,0.724925105272314
8.06,5.03,3.6818,5.8652616,0.184993026954117,1.16384619795286,0.699733143877949
8.07,5.035,3.71245,5.8934443,0.202740679638555,1.17949930151426,0.673988051527175
8.08,5.04,3.7432,5.9218112,0.221205811897928,1.19577220960236,0.647782565742501
8.09,5.045,3.77405,5.9503629,0.240371806359561,1.21264852406509,0.621211722432348
8.1,5.05,3.805,5.9791,0.260221414922104,1.23011122576719,0.594372591770525
8.11,5.055,3.83605,6.0080231,0.280736774277664,1.24814269008946,0.567364007982166
8.12,5.06,3.8672,6.0371328,0.301899421987565,1.26672470298066,0.54028629373645
8.13,5.065,3.89845,6.0664297,0.323690313097297,1.2858384775476,0.51324097986069
8.14,5.07,3.9298,6.0959144,0.34608983727571,1.30546467116857,0.486330521102782
8.15,5.075,3.96125,6.1255875,0.369077836462963,1.32558340311447,0.459658008680081
8.16,5.08,3.9928,6.1554496,0.392633623011427,1.346174272662,0.433326880361292
8.17,5.085,4.02445,6.1855013,0.416735998303181,1.36721637768247,0.407440628835049
8.18,5.09,4.0562,6.2157432,0.441363271827326,1.38868833368946,0.38210250912394
8.19,5.095,4.08805,6.2461759,0.466493280699979,1.4105682933282,0.357415245805688
8.2,5.1,4.12,6.2768,0.492103409609375,1.43283396628915,0.333480740804666
8.21,5.105,4.15205,6.3076161,0.518170611168137,1.45546263962774,0.310399782515933
8.22,5.11,4.1842,6.3386248,0.544671426654338,1.47843119847199,0.288271757021319
8.23,5.115,4.21645,6.3698267,0.571582007122789,1.50171614709944,0.267194362152666
8.24,5.12,4.2488,6.4012224,0.598878134867483,1.52529363036425,0.247263325150666
8.25,5.125,4.28125,6.4328125,0.626535245215885,1.54913945545523,0.228572124659214
8.26,5.13,4.3138,6.4645976,0.654528448635479,1.5732291139652,0.211211717785158
8.27,5.135,4.34645,6.4965783,0.682832553132667,1.59753780425183,0.195270272940932
8.28,5.14,4.3792,6.5287552,0.711422086923876,1.62204045406961,0.180832909173672
8.29,5.145,4.41205,6.5611289,0.740271321358438,1.64671174345287,0.16798144266864
8.3,5.15,4.445,6.5937,0.769354294072608,1.6715261278289,0.156794141097138
8.31,5.155,4.47805,6.6264691,0.798644832353994,1.69645786134058,0.147345486460125
8.32,5.16,4.5112,6.6594368,0.828116576695199,1.72148102035735,0.139705947057529
8.33,5.165,4.54445,6.6926037,0.857743004515595,1.74656952715342,0.133941759190892
8.34,5.17,4.5778,6.7259704,0.887497454029865,1.77169717373178,0.130114719183034
8.35,5.175,4.61125,6.7595375,0.917353148241814,1.79683764577268,0.128281986272674
8.36,5.18,4.6448,6.7933056,0.947283219041853,1.82196454668482,0.12849589691501
8.37,5.185,4.67845,6.8272753,0.977260731386483,1.84705142173768,0.13080379099105
8.38,5.19,4.7122,6.8614472,1.007258707538,1.87207178225322,0.135247850398725
8.39,5.195,4.74605,6.8958219,1.03725015134269,1.89699912983514,0.14186495046794
8.4,5.2,4.78,6.9304,1.06720807252548,1.92180698061376,0.150686524609845
8.41,5.205,4.81405,6.9651821,1.0971055109794,1.94646888948487,0.161738442577475
8.42,5.21,4.8482,7.0001688,1.12691556102786,1.97095847432047,0.1750409026809
8.43,5.215,4.88245,7.0353607,1.15661139563795,1.99524944012973,0.190608338265077
8.44,5.22,4.9168,7.0707584,1.18616629056292,2.01931560314828,0.208449338722896
8.45,5.225,4.95125,7.1063625,1.21555364839222,2.0431309148342,0.228566585279507
8.46,5.23,4.9858,7.1421736,1.24474702248741,2.06666948574901,0.250956801746862
8.47,5.235,5.02045,7.1781923,1.27372014078229,2.08990560930211,0.275610720409814
8.48,5.24,5.0552,7.2144192,1.30244692942601,2.11281378533737,0.302513063167207
8.49,5.245,5.09005,7.2508549,1.33090153624781,2.1353687435404,0.331642538012828
8.5,5.25,5.125,7.2875,1.35905835402217,2.15754546664566,0.362971850902574
8.51,5.255,5.16005,7.3243551,1.38689204351362,2.17931921342215,0.396467733015388
8.52,5.26,5.1952,7.3614208,1.41437755628034,2.20066554141727,0.432090983376702
8.53,5.265,5.23045,7.3986977,1.44149015721605,2.2215603294381,0.469796526774311
8.54,5.27,5.2658,7.4361864,1.46820544680996,2.24197979974998,0.509533486857972
8.55,5.275,5.30125,7.4738875,1.49449938310466,2.26190053997215,0.551245274275587
8.56,5.28,5.3368,7.5118016,1.52034830333227,2.28129952465105,0.594869689660946
8.57,5.285,5.37245,7.5499293,1.54572894520935,2.3001541364914,0.640339041249997
8.58,5.29,5.4082,7.5882712,1.57061846787133,2.31844218722622,0.687580276865909
8.59,5.295,5.44405,7.6268279,1.59499447242781,2.33614193810679,0.736515129976442
8.6,5.3,5.48,7.6656,1.61883502212004,2.35323211999415,0.787060279491438
8.61,5.305,5.51605,7.7045881,1.64211866206247,2.36969195303393,0.839127522933299
8.62,5.31,5.5522,7.7437928,1.66482443855075,2.38550116589677,0.892623962579147
8.63,5.315,5.58845,7.7832147,1.68693191791864,2.40064001456704,0.947452204140283
8.64,5.32,5.6248,7.8228544,1.70842120492691,2.41508930066279,1.00351056751266
8.65,5.325,5.66125,7.8627125,1.72927296066775,2.42883038927042,1.06069330910078
8.66,5.33,5.6978,7.9027896,1.74946841996844,2.441845226278,1.11889085518811
8.67,5.335,5.73445,7.9430863,1.76898940827875,2.45411635519155,1.17799004579857
8.68,5.34,5.7712,7.9836032,1.78781835802684,2.46562693341913,1.23787438846649
8.69,5.345,5.80805,8.0243409,1.80593832442885,2.47636074800792,1.29842432130695
8.7,5.35,5.845,8.0653,1.82333300073808,2.48630223082026,1.35951748475426
8.71,5.355,5.88205,8.1064811,1.83998673291996,2.49543647313472,1.42102900131371
8.72,5.36,5.9192,8.1478848,1.85588453373961,2.50374923965913,1.48283176265099
8.73,5.365,5.95645,8.1895117,1.87101209624937,2.51122698194294,1.54479672332397
8.74,5.37,5.9938,8.2313624,1.88535580666405,2.51785685117662,1.6067932004445
8.75,5.375,6.03125,8.2734375,1.89890275661247,2.52362671036666,1.66868917854171
8.76,5.38,6.0688,8.3157376,1.91164075475405,2.52852514587509,1.73035161888435
8.77,5.385,6.10645,8.3582633,1.92355833775025,2.5325414783131,1.79164677250773
8.78,5.39,6.1442,8.4010152,1.9346447805808,2.53566577277889,1.85244049618035
8.79,5.395,6.18205,8.4439939,1.94489010619545,2.53788884843041,1.91259857053692
8.8,5.4,6.22,8.4872,1.9542850944927,2.53920228738446,1.97198701959811
8.81,5.405,6.25805,8.5306341,1.96282129061721,2.53959844293392,2.0304724308928
8.82,5.41,6.2962,8.5742968,1.97049101256866,2.53907044707573,2.08792227539576
8.83,5.415,6.33445,8.6181887,1.97728735811497,2.53761221734277,2.14420522649353
8.84,5.42,6.3728,8.6623104,1.9832042110039,2.53521846293343,2.19919147719212
8.85,5.425,6.41125,8.7066625,1.98823624646722,2.53188469013331,2.25275305478362
8.86,5.43,6.4498,8.7512456,1.99237893601266,2.52760720702398,2.30476413219415
8.87,5.435,6.48845,8.7960603,1.99562855149926,2.52238312747472,2.35510133524246
8.88,5.44,6.5272,8.8411072,1.99798216849242,2.5162103744134,2.40364404504776
8.89,5.445,6.56605,8.8863869,1.99943766889571,2.50908768237347,2.45027469483643
8.9,5.45,6.605,8.9319,1.99999374285702,2.50101459931491,2.49487906040965
8.91,5.455,6.64405,8.9776471,1.99964988994731,2.4919914877172,2.53734654354926
8.92,5.46,6.6832,9.0236288,1.99840641961099,2.48201952494339,2.57757044765526
8.93,5.465,6.72245,9.0698457,1.99626445088743,2.47110070287481,2.6154482449267
8.94,5.47,6.7618,9.1162984,1.9932259114039,2.45923782681677,2.65088183441777
8.95,5.475,6.80125,9.16298750000001,1.98929353564085,2.446434513676,2.68377779032236
8.96,5.48,6.8408,9.2099136,1.98447086247103,2.43269518941162,2.71404759986389
8.97,5.485,6.88045,9.2570773,1.97876223197478,2.41802508576162,2.74160789019172
8.98,5.49,6.9202,9.3044792,1.97217278153422,2.40243023624799,2.76638064371204
8.99,5.495,6.96005,9.3521199,1.96470844120997,2.38591747146375,2.78829340130869
9,5.5,7,9.4,1.9563759284045,2.36849441364626,2.80727945293862
9.01,5.505,7.04005,9.4481201,1.94718274181691,2.35016947054156,2.82327801511708
9.02,5.51,7.0802,9.4964808,1.93713715469459,2.33095182856508,2.83623439483917
9.03,5.515,7.12045,9.5450827,1.92624820738792,2.31085144526504,2.84610013951733
9.04,5.52,7.1608,9.5939264,1.91452569921446,2.28987904109493,2.85283317254802
9.05,5.525,7.20125,9.6430125,1.90198017964036,2.26804609050277,2.8563979141558
9.06,5.53,7.2418,9.6923416,1.88862293878641,2.24536481234474,2.8567653871986
9.07,5.535,7.28245,9.7419143,1.8744659972678,2.22184815963197,2.85391330765455
9.08,5.54,7.3232,9.7917312,1.85952209537633,2.1975098086196,2.84782615954797
9.09,5.545,7.36405,9.8417929,1.84380468161503,2.17236414724772,2.83849525410993
9.1,5.55,7.405,9.8921,1.82732790059538,2.14642626294473,2.82591877300715
9.11,5.555,7.44605,9.9426531,1.81010658030815,2.11971192980384,2.81010179551183
9.12,5.56,7.48720000000001,9.99345280000001,1.7921562187792,2.09223759514428,2.79105630952422
9.13,5.565,7.52845,10.0444997,1.77349297012229,2.0640203654692,2.7688012063989
9.14,5.57,7.5698,10.0957944,1.75413363000147,2.03507799183278,2.74336225956549
9.15,5.575,7.61125,10.1473375,1.73409562051615,2.00542885462979,2.71477208697398
9.16,5.58,7.6528,10.1991296,1.71339697452234,1.975091947821,2.68307009743426
9.17,5.585,7.69445,10.2511713,1.6920563194043,1.94408686260874,2.64830242095904
9.18,5.59,7.7362,10.3034632,1.6700928603112,1.91243377057712,2.61052182325821
9.19,5.595,7.77805,10.3560059,1.64752636287373,1.88015340631206,2.56978760457158
9.2,5.6,7.82,10.4088,1.62437713541639,1.84726704951664,2.5261654830652
9.21,5.605,7.86205,10.4618461,1.60066601068137,1.81379650663787,2.47972746305431
9.22,5.61,7.9042,10.5151448,1.57641432708048,1.77976409202123,2.43055168835298
9.23,5.615,7.94645,10.5686967,1.55164390949201,1.74519260860999,2.37872228108702
9.24,5.62,7.9888,10.6225024,1.52637704961985,1.71010532820643,2.32432916634248
9.25,5.625,8.03125,10.6765625,1.50063648593242,1.67452597131285,2.26746788305629
9.26,5.63,8.0738,10.7308776,1.47444538319959,1.63847868657024,2.20823938158996
9.27,5.635,8.11645,10.7854483,1.44782731164599,1.60198802981322,2.14674980845942
9.28,5.64,8.1592,10.8402752,1.42080622573934,1.5650789427598,2.08311027872559
9.29,5.645,8.20205,10.8953589,1.39340644263309,1.5277767313553,2.01743663658097
9.3,5.65,8.245,10.9507,1.36565262028262,1.49010704378968,1.9498492046959
9.31,5.655,8.28805,11.0062991,1.3375697352547,1.45209584820798,1.88047252291606
9.32,5.66,8.3312,11.0621568,1.30918306025033,1.41376941013396,1.80943507692891
9.33,5.665,8.37445,11.1182737,1.28051814136096,1.37515426962712,1.73686901754129
9.34,5.67,8.4178,11.1746504,1.25160077507877,1.33627721819349,1.66290987123334
9.35,5.675,8.46125,11.2312875,1.22245698508156,1.29716527547109,1.58769624267561
9.36,5.68,8.5048,11.2881856,1.19311299881316,1.25784566571073,1.51136950991565
9.37,5.685,8.54845,11.3453453,1.16359522388057,1.21834579407342,1.43407351295851
9.38,5.69,8.5922,11.4027672,1.13393022428884,1.17869322276558,1.35595423648191
9.39,5.695,8.63605,11.4604519,1.10414469653526,1.13891564703335,1.27715948744086
9.4,5.7,8.68,11.5184,1.07426544558436,1.09904087103772,1.19783856832958
9.41,5.705,8.72405,11.5766121,1.0443193607452,1.05909678363193,1.11814194687882
9.42,5.71,8.7682,11.6350888,1.01433339147284,1.01911133406297,1.03822092297558
9.43,5.715,8.81245,11.6938307,0.984334523115623,0.979112507618873,0.958227293599115
9.44,5.72,8.8568,11.7528384,0.954349752630216,0.939128301243784,0.878313016571869
9.45,5.725,8.90125000000001,11.8121125,0.924406064286142,0.899186699142481,0.798629873926922
9.46,5.73,8.9458,11.8716536,0.894530405381773,0.859315648396384,0.719329135694619
9.47,5.735,8.99045,11.9314623,0.864749661993576,0.819543034612811,0.640561224909648
9.48,5.74,9.0352,11.9915392,0.835090634780465,0.77989665762939,0.562475384637384
9.49,5.745,9.08005,12.0518849,0.805580014865003,0.740404207295339,0.485219347812857
9.5,5.75,9.125,12.1125,0.776244359813204,0.701093239351394,0.408939010679012
9.51,5.755,9.17005,12.1733851,0.74711006973452,0.661991151429986,0.333778110602191
9.52,5.76,9.2152,12.2345408,0.71820336352352,0.623125159197159,0.259877909031761
9.53,5.765,9.26045,12.2959677,0.689550255264647,0.584522272657661,0.187376880358398
9.54,5.77,9.3058,12.3576664,0.661176530821297,0.54620927264442,0.116410407410985
9.55,5.775,9.35125,12.4196375,0.633107724630319,0.508212687513567,0.0471104843157649
9.56,5.78,9.3968,12.4818816,0.605369096722688,0.470558770065693,-0.0203945725767909
9.57,5.785,9.44245,12.5443993,0.577985609991217,0.433273474714302,-0.0859804050113522
9.58,5.79,9.4882,12.6071912,0.550981907725637,0.396382434921738,-0.149526883729332
9.59,5.795,9.53405,12.6702579,0.524382291435295,0.359910940922859,-0.210918369311368
9.6,5.8,9.58,12.7336,0.498210698979429,0.323883917756449,-0.270043962344238
9.61,5.805,9.62605,12.7972181,0.472490683024717,0.288325903624043,-0.326797742321938
9.62,5.81,9.67220000000001,12.8611128,0.447245389849468,0.25326102859557,-0.381078994718181
9.63,5.815,9.71845,12.9252847,0.422497538513545,0.218712993680894,-0.432792425696672
9.64,5.82,9.7648,12.9897344,0.398269400412709,0.184705050285971,-0.481848363955953
9.65,5.825,9.81125,13.0544625,0.374582779235906,0.151259980072122,-0.528162949236751
9.66,5.83,9.8578,13.1194696,0.351458991343396,0.118400075236382,-0.571658307052961
9.67,5.835,9.90445,13.1847563,0.328918846583473,0.0861471192306236,-0.612262709240792
9.68,5.84,9.9512,13.2503232,0.306982629565003,0.0545223679367449,-0.649910719955485
9.69,5.845,9.99805,13.3161709,0.285670081402655,0.0235465313147685,-0.684543326780678
9.7,5.85,10.045,13.3823,0.265000381951222,-0.0067602444597219,-0.716108056651876
9.71,5.855,10.09205,13.4487111,0.244992132545047,-0.0363783943527776,-0.744559076332703
9.72,5.86,10.1392,13.5154048,0.22566333925808,-0.065288951308411,-0.769857277220436
9.73,5.865,10.18645,13.5823817,0.207031396699626,-0.0934735625489338,-0.791970344295574
9.74,5.87,10.2338,13.6496424,0.189113072360367,-0.120914505324756,-0.810872809069078
9.75,5.875,10.28125,13.7171875,0.171924491522755,-0.147594702099518,-0.82654608641994
9.76,5.88,10.3288,13.7850176,0.155481122749354,-0.173497735156973,-0.838978495255161
9.77,5.885,10.37645,13.8531333,0.139797763962166,-0.198607860616572,-0.848165262963716
9.78,5.89,10.4242,13.9215352,0.124888529125503,-0.222910021845192,-0.854108513675627
9.79,5.895,10.47205,13.9902239,0.110766835544369,-0.246389862253018,-0.856817240376809
9.8,5.9,10.52,14.0592,0.097445391789813,-0.269033737462115,-0.856307260969659
9.81,5.905,10.56805,14.1284641,0.0849361862620375,-0.290828726836905,-0.852601158408606
9.82,5.91,10.6162,14.1980168,0.0732504764016702,-0.311762644366113,-0.845728205078482
9.83,5.915,10.66445,14.2678587,0.0623987785588251,-0.331824048886564,-0.835724271621981
9.84,5.92,10.7128,14.3379904,0.0523908585290945,-0.351002253639675,-0.822631720460352
9.85,5.925,10.76125,14.4084125,0.0432357227649894,-0.369287335152103,-0.806499284288578
9.86,5.93,10.8098,14.4791256,0.0349416102707435,-0.386670141432649,-0.787381929862748
9.87,5.935,10.85845,14.5501303,0.027515985187766,-0.403142299478099,-0.765340707433128
9.88,5.94,10.9072,14.6214272,0.0209655300774195,-0.41869622208133,-0.740442586211117
9.89,5.945,10.95605,14.6930169,0.0152961399071584,-0.433325113935644,-0.712760276291981
9.9,5.95,11.005,14.7649,0.0105129167454644,-0.447022977029857,-0.682372037488231
9.91,5.955,11.05405,14.8370771,0.00662016517032538,-0.459784615329415,-0.649361475559852
9.92,5.96,11.1032,14.9095488,0.00362138839540571,-0.471605638739374,-0.613817326358056
9.93,5.965,11.15245,14.9823157,0.00151928511739119,-0.482482466345735,-0.575833228428344
9.94,5.97,11.2018,15.0553784,0.00031574708734472,-0.492412328932316,-0.535507484646176
9.95,5.975,11.25125,15.1287375,1.18574082570433e-05,-0.501393270770942,-0.492942813485048
9.96,5.98,11.3008,15.2023936,0.000607889560327202,-0.509424150683427,-0.448246090541371
9.97,5.985,11.35045,15.2763473,0.00210330715484941,-0.516504642374462,-0.401528080963622
9.98,5.99,11.4002,15.3505992,0.00449676441692604,-0.52263523403516,-0.352903163455179
9.99,5.995,11.45005,15.4251499,0.00778610739657459,-0.527817227217717,-0.302489046539774
10,6,11.5,15.5,0.0119683759071382,-0.532052734982232,-0.250406477796791
